age,annual_income,credit_score,loan_amount,loan_tenure_months,debt_to_income_ratio,employment_years,has_prior_default
31,87193.13,797,18141.16,36,0.1084,8.0,1
44,59250.76,825,35843.63,36,0.1841,10.1,1
52,24494.0,538,10837.93,36,0.1279,4.5,0
52,47691.39,616,36727.48,12,0.0523,10.9,0
43,65503.42,757,13913.22,12,0.1185,2.8,0
35,90047.08,762,27685.54,24,0.3038,15.6,0
43,64670.85,555,2000.0,36,0.05,10.5,1
59,77565.48,599,24055.02,12,0.4144,6.5,0
54,77506.58,706,26311.19,48,0.2142,1.6,0
57,87672.93,713,14462.0,48,0.2549,10.4,1
24,76756.82,617,20608.82,36,0.2754,10.7,0
37,64257.6,652,20793.97,48,0.1303,1.8,0
54,18000.0,642,39168.32,24,0.4098,8.3,0
39,58163.72,688,17592.41,60,0.0958,8.5,0
28,40724.99,698,22795.92,36,0.0511,1.7,0
37,107314.18,570,7319.94,36,0.2302,4.8,0
53,82473.65,677,43769.65,60,0.2269,4.9,0
39,79516.22,627,24773.97,12,0.3345,5.3,1
37,83897.49,783,13363.84,48,0.2212,11.1,0
29,76959.37,538,24424.65,36,0.1345,11.6,0
41,45333.51,716,34737.0,24,0.1142,1.7,0
22,39938.71,780,24626.67,36,0.1645,1.4,0
60,43873.44,726,9043.45,36,0.0863,2.4,0
22,27395.19,591,22477.84,60,0.1162,1.5,1
58,55936.66,672,2000.0,60,0.0747,2.3,0
40,26754.61,644,19267.67,36,0.0778,2.1,0
34,60463.93,588,21988.91,12,0.05,6.1,0
58,83228.22,747,31136.22,48,0.4226,8.1,1
37,78238.22,783,11087.59,36,0.4747,1.1,0
58,61748.26,767,22281.0,36,0.2016,4.0,0
38,56203.9,622,34088.83,48,0.1494,7.7,0
39,43932.1,713,28364.67,24,0.0687,3.8,1
22,44716.16,840,24711.89,24,0.1944,9.7,0
62,72971.01,718,11598.96,24,0.1935,2.1,0
58,112809.64,678,2670.8,48,0.2467,11.8,0
33,31865.24,730,14301.53,36,0.05,3.5,0
63,74028.87,813,18948.16,24,0.1936,4.4,0
22,91955.48,571,7937.19,24,0.1343,10.8,0
34,62458.09,689,37694.94,24,0.3449,4.9,0
50,64402.37,623,25652.61,36,0.1408,3.1,0
61,76692.61,624,19300.49,36,0.1585,2.1,0
59,19519.07,829,24750.86,36,0.3624,3.1,0
52,52901.1,790,16443.09,48,0.2418,0.6,0
54,78515.0,654,3961.63,48,0.2158,6.8,0
46,84845.69,704,36879.68,36,0.1921,5.6,1
49,43017.61,652,17351.06,36,0.1707,3.1,0
58,50952.46,674,14569.9,24,0.1092,1.2,0
42,36860.98,773,22093.22,36,0.1105,0.3,1
52,92981.99,698,17899.27,48,0.2684,4.1,0
50,84222.98,732,18207.62,36,0.4883,0.5,0
24,98177.4,693,13669.8,24,0.1001,1.1,0
34,72805.89,825,25732.73,36,0.1079,1.4,0
25,75129.69,680,22073.77,24,0.1218,0.4,0
62,63776.34,632,8838.12,36,0.2688,15.9,0
30,68345.09,514,14777.81,36,0.3826,1.8,0
32,26865.56,592,19524.63,36,0.0629,0.2,0
37,30052.07,714,9780.88,36,0.2255,4.2,0
26,79234.23,747,21215.79,60,0.4137,2.0,0
39,91618.88,679,8759.63,36,0.2357,0.8,0
63,56269.56,691,21688.52,36,0.0957,0.7,1
27,55152.42,765,22250.41,36,0.2344,18.1,0
60,58436.72,601,14840.6,36,0.1539,2.2,0
51,30159.7,648,14670.44,12,0.05,8.4,0
44,49128.84,653,36774.18,36,0.2799,0.1,0
35,65200.66,667,12368.24,12,0.05,2.9,0
42,71597.96,638,24422.6,24,0.0986,7.8,0
42,67043.19,715,13674.91,48,0.18,0.1,0
50,45943.7,727,9120.46,36,0.4263,0.1,0
51,20785.84,573,11210.27,24,0.2248,6.7,0
45,54558.82,592,26743.04,36,0.2071,3.6,0
34,54678.17,599,16814.81,36,0.3429,2.0,0
39,89376.84,741,14526.55,36,0.05,2.7,0
33,45558.37,555,26886.02,24,0.1597,3.3,1
41,62268.5,677,6975.08,48,0.1039,3.5,0
52,67928.35,726,27160.8,36,0.0596,2.3,0
26,52082.4,692,35126.86,36,0.2761,0.8,0
23,61595.5,657,2000.0,24,0.1412,6.1,0
53,70350.79,792,2000.0,36,0.3061,0.7,0
60,70547.42,546,35925.17,12,0.269,2.1,0
32,55237.82,687,36793.29,24,0.1082,4.4,0
54,61004.0,696,17067.66,48,0.4132,28.5,0
53,24084.85,585,20302.26,48,0.2231,1.5,0
39,63714.57,712,36450.85,60,0.2055,6.9,1
22,18000.0,630,6142.83,36,0.4525,9.7,0
61,65009.2,657,3968.55,36,0.1822,19.7,0
55,48972.53,617,19069.67,60,0.1425,2.2,0
42,45085.93,670,14287.35,48,0.0828,1.2,1
31,43715.98,624,38015.75,36,0.151,10.1,0
59,47263.2,693,23352.33,36,0.1496,0.6,0
27,36390.66,743,11092.58,24,0.3105,5.8,0
44,81038.79,635,5119.3,12,0.0864,6.7,0
47,94376.3,756,16087.61,48,0.224,8.0,0
24,55192.62,716,7118.55,24,0.1684,2.0,0
63,46967.39,616,8160.44,24,0.1948,3.5,0
44,37669.17,696,36681.48,36,0.3894,3.0,0
48,33755.7,700,34203.46,48,0.3649,3.4,0
21,103623.47,684,26006.18,60,0.1391,2.4,0
42,96523.19,669,25905.15,12,0.1516,19.1,0
53,51687.3,744,17050.57,36,0.4034,15.9,0
32,111898.94,522,29143.21,60,0.1153,1.0,0
41,68021.16,729,18444.14,36,0.2893,13.9,0
32,67911.65,766,12568.35,36,0.1847,0.8,0
46,69134.12,627,23182.5,12,0.3516,0.1,0
21,48190.99,677,20970.08,36,0.1062,1.6,0
34,33613.13,656,27769.55,36,0.207,7.6,0
63,101256.06,591,2580.74,48,0.3194,2.7,0
39,21221.69,674,15882.37,48,0.0727,0.2,0
46,87575.12,655,17316.49,36,0.1,1.3,0
54,79097.96,576,30152.59,48,0.1967,10.3,0
50,77722.07,659,19312.28,12,0.1843,5.8,1
39,79169.7,650,12729.56,36,0.159,1.6,0
55,120161.3,687,20778.17,24,0.3252,4.9,0
45,31848.79,646,13788.29,36,0.2042,14.0,0
51,50830.99,579,13868.07,60,0.0881,5.3,1
52,67376.02,573,27645.15,12,0.339,13.3,0
35,59250.02,648,30577.96,24,0.1988,3.4,1
57,49275.89,769,17341.42,36,0.296,4.7,0
32,39346.55,720,25772.45,36,0.0586,3.5,0
48,47774.24,640,6634.22,12,0.0721,10.8,0
61,61065.19,670,17993.03,36,0.1011,6.6,0
27,62081.43,608,17351.4,60,0.1207,1.1,1
61,64556.11,558,28182.23,12,0.116,31.9,0
23,84404.58,599,18135.95,48,0.1893,1.1,1
25,87244.31,598,24808.18,60,0.11,6.8,0
36,43580.32,721,19141.72,36,0.1666,0.0,0
41,92552.79,585,12250.45,36,0.4543,1.9,0
51,41384.34,735,28174.46,36,0.0672,2.9,1
47,39342.77,734,23181.96,36,0.1844,0.4,0
59,54197.93,807,21569.99,24,0.2513,1.0,0
21,83301.54,632,2430.75,60,0.1268,9.6,1
63,62225.71,625,11677.87,36,0.1976,0.4,0
33,91207.42,689,25534.33,60,0.1794,0.8,0
31,66197.4,673,20992.11,36,0.2547,8.2,1
41,99780.36,563,13878.35,36,0.1603,0.7,1
49,70164.07,795,15386.7,36,0.2374,16.0,0
53,109210.01,766,31889.31,24,0.0705,3.8,0
46,98354.99,586,5329.87,36,0.2754,10.4,0
41,22116.91,567,20765.88,36,0.0915,2.7,0
59,85514.64,811,9532.51,12,0.3863,5.9,0
45,44424.22,635,21848.37,36,0.0777,11.0,0
55,72177.94,703,10673.8,36,0.2387,2.6,0
37,80066.54,626,21078.78,24,0.5486,0.5,0
54,100096.23,723,31021.72,12,0.2386,11.6,0
60,54455.71,736,29317.39,60,0.1017,0.9,0
49,73215.53,822,13843.25,12,0.4947,1.7,0
38,46634.95,641,13760.18,48,0.1984,6.9,1
24,62984.12,633,4909.53,60,0.05,1.3,0
56,89250.37,618,19533.45,36,0.3357,5.0,0
32,70944.54,655,9085.78,24,0.2474,3.1,0
28,116768.03,785,23051.21,36,0.3939,0.6,0
59,79100.91,849,18140.01,60,0.1218,1.2,0
36,51905.67,672,22375.87,24,0.1871,1.6,0
57,82514.94,649,35643.2,36,0.1714,12.6,0
52,92977.54,761,14968.53,24,0.1281,13.7,0
52,104678.35,676,20341.93,36,0.0605,0.2,0
38,50288.51,850,6707.91,36,0.1204,7.9,0
58,62484.64,579,25878.12,36,0.1105,1.9,0
52,48449.84,693,30863.89,60,0.2139,0.6,0
27,95165.51,691,17347.41,48,0.479,0.6,0
56,43643.45,751,13827.5,36,0.2958,0.8,0
28,52865.66,663,16795.7,24,0.1399,12.8,0
37,59153.28,696,14276.21,48,0.0733,6.3,0
21,62497.75,704,23874.16,48,0.1318,0.7,0
32,46345.03,743,5862.43,24,0.3596,2.7,0
52,46813.09,568,17321.78,36,0.392,4.2,1
26,37743.68,686,30596.65,48,0.4889,1.7,1
50,92332.2,687,10818.83,60,0.4561,1.6,0
50,47351.94,703,10427.75,36,0.1109,2.2,0
57,91981.29,786,14223.0,36,0.1591,5.5,0
46,50319.23,627,17727.1,24,0.1944,6.1,0
55,77279.01,582,12065.62,36,0.2705,4.3,0
63,84072.82,598,20091.8,48,0.1456,1.9,0
48,42463.26,757,18175.74,60,0.3077,5.9,1
53,76605.33,565,17904.33,12,0.3911,4.0,0
31,73337.58,739,4097.11,48,0.1549,3.3,0
28,81840.96,663,5473.58,12,0.05,0.0,0
34,40871.0,742,13763.88,12,0.3718,1.1,0
42,65912.06,653,34266.77,36,0.1634,2.8,0
46,55403.55,742,27478.26,36,0.1077,6.4,0
32,84088.41,592,21232.24,24,0.3685,0.9,0
55,51747.16,693,13113.59,12,0.1265,7.0,0
38,39729.11,662,29962.72,24,0.0598,12.9,0
43,115467.5,604,15736.61,36,0.05,4.1,0
54,80097.46,568,20259.55,36,0.1007,0.5,1
48,50273.58,542,16911.71,36,0.2098,2.2,0
23,79458.68,688,2000.0,12,0.0728,14.1,0
30,48644.71,584,26770.73,36,0.2685,7.1,0
24,47500.37,669,19964.1,60,0.05,2.8,0
33,66785.14,786,11186.34,36,0.2286,1.9,0
57,56269.72,698,25694.83,48,0.2826,5.4,0
48,91106.24,674,21054.5,48,0.2063,12.7,0
49,36950.19,759,14382.17,36,0.313,4.5,0
27,46834.7,604,18684.69,24,0.1753,3.5,0
52,106712.82,786,13442.28,48,0.2623,4.8,0
21,52833.21,605,13909.09,36,0.1666,1.0,0
48,60628.93,743,4295.37,36,0.346,9.4,0
36,36285.42,664,4849.19,48,0.2801,4.5,0
25,53986.73,655,22299.13,36,0.05,9.0,0
45,72964.88,752,25918.43,48,0.2981,14.5,0
30,76861.17,670,7550.91,48,0.1621,12.2,1
43,73964.09,671,21318.89,48,0.1488,0.5,0
57,104257.9,821,28309.43,12,0.1414,1.4,0
41,56805.31,714,18724.17,60,0.2445,7.3,0
44,110090.65,779,8424.91,36,0.3497,2.1,0
59,55331.7,651,18680.56,36,0.2917,8.5,0
37,39113.98,826,18521.53,24,0.075,2.7,0
52,64605.42,673,17099.79,60,0.4102,9.1,0
33,51025.0,624,29993.93,36,0.05,9.5,0
45,48422.63,807,18532.56,36,0.2542,1.4,0
22,68131.9,659,30832.44,24,0.2357,1.6,0
23,70004.58,617,28989.37,12,0.1792,0.2,0
30,30145.75,751,16849.52,48,0.2971,1.4,0
52,99413.93,636,31187.09,60,0.1719,6.0,0
28,26410.12,616,20823.5,36,0.1962,11.5,0
21,95048.45,790,14077.59,24,0.079,9.6,0
43,27431.71,749,21279.92,12,0.5083,1.2,0
54,87681.05,734,10242.27,36,0.2165,3.0,0
57,89645.78,588,36027.96,36,0.48,3.3,0
48,70441.74,666,16947.91,48,0.1614,6.4,0
50,71004.15,744,37625.33,24,0.1242,4.7,0
56,74874.04,725,15705.43,48,0.2176,0.5,0
25,50236.34,658,13726.2,36,0.2195,2.9,1
56,103785.79,707,16899.32,36,0.11,6.1,1
24,59563.41,573,31794.75,24,0.1923,9.3,0
53,18000.0,662,29952.97,24,0.1538,2.0,0
44,48313.81,727,23725.55,12,0.1534,12.6,0
21,78897.8,813,27701.21,48,0.05,14.7,0
31,102735.85,714,2000.0,36,0.1149,15.2,0
36,61036.18,728,17366.44,48,0.3658,6.2,0
54,28621.19,511,30917.68,24,0.0851,8.7,0
58,42892.26,628,22495.58,48,0.3154,7.6,0
49,51756.4,642,15847.83,60,0.2384,1.0,0
24,76330.82,641,26035.94,36,0.101,10.7,0
57,77399.14,769,23820.56,48,0.0558,5.3,0
50,58771.92,632,2000.0,36,0.5287,1.5,0
22,92153.45,707,34581.65,48,0.0992,1.9,0
64,60404.01,668,20308.48,24,0.2351,0.8,1
28,75692.85,477,28635.43,48,0.254,6.6,0
59,72946.88,770,32479.95,36,0.1533,2.8,0
50,64684.2,738,21580.84,48,0.174,2.7,0
50,91782.18,659,24002.57,36,0.1756,4.5,0
56,80006.99,715,35634.11,12,0.1142,8.7,0
53,27116.59,619,23475.12,24,0.1736,5.1,0
45,19572.52,797,24541.79,24,0.05,3.6,0
49,61730.34,736,19033.72,36,0.1556,1.3,0
28,51000.59,673,15992.63,36,0.3223,0.6,0
35,66996.11,686,14093.35,48,0.1677,9.4,0
31,78800.41,573,12153.42,24,0.2055,11.4,0
28,76313.66,668,18404.24,12,0.1733,0.9,0
63,75786.07,723,2000.0,60,0.198,1.3,0
46,77303.8,757,18875.18,60,0.3748,1.8,0
63,52503.46,693,38456.92,36,0.05,4.1,0
38,79969.04,791,19955.54,48,0.1602,2.6,0
55,89483.14,529,9418.46,36,0.35,3.3,0
57,102258.12,656,31774.68,36,0.1752,1.0,0
47,67879.66,603,21065.33,36,0.2721,1.0,0
55,51068.63,718,11617.08,36,0.3335,0.8,0
56,72046.64,750,17387.96,60,0.1298,2.3,0
59,88632.08,612,11528.27,36,0.5479,0.9,1
24,40701.1,673,37996.76,24,0.2577,14.0,1
28,81728.04,593,7927.78,36,0.46,1.5,0
21,68060.25,590,2000.0,12,0.1399,0.0,0
40,84926.76,674,3242.23,36,0.108,6.2,0
60,37507.2,733,21511.51,36,0.05,0.5,0
60,91891.68,757,30476.79,48,0.1863,8.1,0
45,79399.81,680,9112.98,24,0.1507,6.1,0
52,64443.68,726,12197.08,36,0.1788,3.1,0
29,56964.95,754,31700.07,24,0.2727,0.1,0
56,90360.11,737,39554.13,36,0.1891,9.3,0
25,57719.88,652,26717.65,36,0.1387,0.7,0
57,77511.6,749,30281.71,48,0.1218,4.1,0
41,85373.68,737,11245.54,12,0.3524,8.4,0
48,104204.1,630,18173.81,24,0.2859,1.5,0
44,57174.99,679,17428.75,36,0.0853,5.5,0
21,44415.58,642,24391.14,24,0.2352,0.3,0
29,53210.64,629,29212.02,48,0.1059,21.9,0
24,63112.92,664,12439.57,36,0.2243,6.5,0
39,101774.82,698,17537.31,48,0.1519,0.0,1
29,72413.84,688,30124.1,36,0.1738,2.5,0
28,24419.32,695,14598.46,24,0.5243,2.3,1
34,44593.58,586,30206.42,24,0.4039,2.7,0
26,49550.38,567,9758.26,48,0.1508,4.3,0
51,18000.0,556,4160.2,60,0.1716,1.3,0
45,76437.0,687,18073.24,48,0.3068,0.9,0
52,38458.91,591,21404.07,36,0.3939,3.5,0
29,68040.09,487,26614.02,12,0.2073,3.9,0
37,59837.49,629,19142.77,48,0.2319,3.9,0
58,51741.22,699,20434.19,48,0.0544,2.2,0
60,52842.19,604,15141.71,48,0.0958,3.6,0
64,39874.28,784,30025.03,12,0.1438,4.9,0
32,52449.57,746,13339.87,36,0.2799,0.4,0
46,43764.88,555,9943.81,36,0.1603,0.0,0
59,55434.95,618,7412.04,48,0.3106,3.4,1
31,82533.91,721,7644.88,36,0.186,9.6,0
46,34695.94,675,18060.74,36,0.4325,4.1,1
55,18000.0,670,21751.57,12,0.05,2.5,0
29,68758.22,637,22346.85,36,0.2674,1.8,0
31,125001.91,759,20517.03,36,0.2608,3.8,0
24,61987.43,629,9619.55,12,0.0855,1.6,0
46,60419.69,589,5748.63,36,0.3088,14.3,0
38,100638.14,678,24276.79,36,0.1944,6.5,0
27,55275.85,566,15409.5,48,0.05,2.5,0
55,50644.8,739,16905.82,36,0.428,4.2,0
47,82773.16,652,2000.0,48,0.1569,5.8,0
50,64514.86,729,18793.61,24,0.4944,9.6,0
23,24330.01,710,9835.9,48,0.3724,8.0,0
37,101682.47,743,20854.68,48,0.2603,0.0,0
38,91680.23,661,14873.72,36,0.2878,0.9,0
64,94534.86,595,20120.44,24,0.155,5.1,0
60,97398.17,801,8195.6,24,0.3859,2.1,0
30,21148.08,688,5864.46,36,0.05,5.1,0
25,54830.34,785,15052.2,24,0.1051,4.0,0
38,49523.16,787,10969.38,60,0.3917,13.4,0
38,58250.01,835,29824.05,36,0.1147,22.5,0
23,85812.83,588,13757.73,48,0.2438,2.9,0
22,54703.77,713,25527.97,60,0.2474,1.5,0
51,63529.91,691,15186.49,36,0.3541,0.2,0
59,43353.48,642,3893.46,36,0.1486,2.3,0
55,86289.54,673,12613.66,48,0.2607,29.3,1
40,62963.9,587,21121.13,36,0.2673,13.5,0
47,91053.57,846,27618.97,48,0.0971,0.6,0
34,73440.28,714,13883.6,48,0.4473,6.6,1
48,57302.95,609,26224.17,12,0.0647,16.5,0
33,120317.65,756,9134.95,36,0.2785,4.2,0
57,64107.42,601,12114.39,36,0.0881,9.9,0
26,111617.45,648,25330.99,36,0.1706,1.9,0
52,54823.95,587,6931.19,24,0.4175,2.6,0
33,64102.52,763,15346.91,24,0.1938,5.0,0
36,56207.1,644,22038.65,36,0.3824,0.2,0
51,71994.85,709,16809.02,60,0.1888,6.3,0
25,93114.27,651,14684.73,36,0.2079,0.5,0
21,91021.52,646,28943.24,60,0.3233,7.1,0
26,87860.41,761,19125.95,36,0.332,17.6,0
45,53932.47,702,13465.08,48,0.1375,0.9,0
46,41980.07,717,14587.66,48,0.334,2.2,0
60,77572.88,689,26798.09,48,0.3061,1.5,0
36,91107.21,592,6945.74,36,0.1628,8.2,0
36,39374.47,711,28883.94,12,0.2649,1.2,0
44,45677.82,720,8260.35,24,0.2224,5.3,0
55,51784.91,713,11186.43,24,0.05,0.7,0
31,51344.2,714,30036.61,36,0.293,0.3,0
35,22739.5,649,10075.87,36,0.1289,3.4,0
21,75439.82,645,29336.31,12,0.2066,1.7,0
49,49854.42,770,8839.81,48,0.1239,5.3,0
38,79737.17,790,21930.83,36,0.05,4.3,0
33,87653.68,706,21108.8,36,0.2628,1.4,0
57,64252.81,765,40829.76,12,0.2234,1.0,0
58,78852.74,584,10907.08,36,0.2555,9.1,0
35,59642.42,800,23281.3,48,0.1148,4.2,1
34,72145.73,764,20588.75,24,0.4038,2.0,0
31,45013.08,604,35280.1,36,0.05,9.9,0
44,144188.27,661,10038.79,36,0.3614,3.4,0
39,37086.27,601,23071.74,24,0.1958,6.4,0
25,61459.4,787,22530.04,24,0.0559,18.0,0
61,42643.86,607,8269.73,36,0.1121,8.4,0
59,68144.01,613,11226.19,24,0.1887,2.4,0
26,24584.05,640,20816.7,24,0.2807,26.0,1
59,82177.94,850,34316.72,48,0.0947,0.8,0
33,61689.78,738,27084.77,24,0.1782,0.2,1
29,46856.6,717,15858.71,12,0.1745,9.6,0
57,87028.96,749,18322.54,12,0.1274,2.4,0
22,36249.3,705,24906.29,48,0.1875,7.1,1
25,89075.48,648,28318.21,60,0.1678,0.2,0
41,62933.79,593,20994.5,36,0.3083,0.2,0
53,46660.0,627,27675.44,36,0.3346,2.7,0
64,64226.1,693,24754.28,36,0.2535,4.5,0
22,63626.95,592,31838.37,60,0.3621,0.2,1
40,68995.17,581,20936.96,24,0.1849,18.4,1
40,74456.4,569,4117.71,36,0.0782,4.6,0
32,68673.28,817,19192.97,48,0.0965,3.7,0
48,69216.73,705,9978.14,48,0.2716,14.3,0
43,64249.3,728,21022.27,36,0.1192,5.6,0
57,21600.13,627,18277.67,48,0.1862,6.0,0
31,18000.0,817,19270.61,48,0.1329,0.8,0
61,97219.3,821,29524.46,24,0.1369,6.8,0
36,68522.93,850,27911.27,36,0.2991,2.1,0
54,36890.8,681,39478.98,36,0.3841,2.4,1
28,38498.94,700,21152.28,24,0.073,6.8,0
49,75314.6,503,14025.29,60,0.1299,6.6,1
40,69945.31,519,19512.87,48,0.0641,4.3,0
64,106656.45,639,18694.62,24,0.2122,0.3,0
59,42766.32,665,27861.76,24,0.4194,4.6,1
38,82637.25,633,25376.41,12,0.2202,4.7,0
37,75583.17,700,26752.23,48,0.3649,1.1,0
21,112040.6,550,15889.92,24,0.1323,5.9,0
28,99991.07,698,5934.95,48,0.05,11.0,0
31,71983.96,648,13542.56,12,0.3623,5.9,0
22,62688.66,655,11583.4,60,0.427,4.2,0
26,67653.29,733,28227.88,60,0.1697,0.6,0
40,94740.44,619,16361.17,24,0.1389,3.5,0
51,41452.27,628,16325.01,24,0.1865,1.0,0
50,67666.24,690,30483.09,36,0.2204,3.4,0
58,53267.38,747,14061.72,36,0.2174,5.1,0
40,56087.96,681,19755.85,36,0.1408,2.0,0
26,27267.8,702,8868.86,48,0.1821,5.2,0
55,42287.25,814,8409.95,36,0.2444,0.7,0
42,88182.48,683,19968.86,48,0.4005,13.3,0
45,32594.3,650,21917.59,36,0.0618,4.3,0
43,47818.99,638,27653.32,24,0.05,8.9,1
55,72990.01,735,24322.35,36,0.3899,4.0,1
31,81255.57,544,11995.67,24,0.0616,3.9,0
31,34432.02,652,33498.86,36,0.2297,3.9,0
41,71191.79,715,32212.92,36,0.4126,14.1,0
47,64604.79,734,12055.43,36,0.2253,1.4,0
54,68098.55,715,7755.55,24,0.1286,1.9,0
53,62200.32,761,28992.9,60,0.0751,0.6,1
36,106721.07,640,19724.41,60,0.3791,8.6,0
26,74951.11,628,7874.95,48,0.3247,2.2,0
64,88362.35,716,17933.65,36,0.0841,3.9,0
43,42832.78,698,11635.67,36,0.2505,2.0,0
31,32732.9,788,11408.55,12,0.4776,11.3,0
23,65354.84,656,31312.77,36,0.1346,1.0,0
43,51475.55,692,29945.75,36,0.0631,0.2,1
33,100498.79,703,8380.58,48,0.176,5.3,0
30,66011.11,654,31006.14,36,0.05,1.3,0
42,47669.72,622,20663.36,36,0.05,9.7,1
60,83380.54,811,22826.37,36,0.0913,1.3,1
35,76718.28,687,9083.65,48,0.0749,1.4,0
49,75292.19,548,24915.68,48,0.305,7.3,0
42,21081.92,514,20730.42,48,0.1354,1.1,0
54,46947.32,728,22601.74,36,0.2159,11.1,0
60,32892.71,592,10884.99,24,0.2185,3.9,0
54,82696.27,674,16626.92,60,0.2654,0.6,0
64,53096.16,639,8934.55,24,0.2706,7.2,0
42,102893.11,676,22630.91,60,0.1816,7.8,0
49,36609.31,637,9346.39,24,0.1585,1.3,0
61,87022.24,733,2484.98,36,0.2513,3.0,0
60,79787.83,713,20285.91,36,0.1771,3.8,1
57,26183.07,735,24861.49,36,0.2805,0.5,0
30,94392.58,616,15280.26,24,0.3757,8.0,1
42,52959.76,799,4813.23,12,0.05,0.2,0
60,92349.42,661,28371.17,36,0.3001,17.1,1
41,72070.28,627,24524.55,36,0.2341,1.9,1
23,79089.08,751,17308.74,48,0.2205,2.1,0
48,99158.71,736,18622.2,48,0.2033,6.6,0
55,104996.24,662,14430.87,60,0.196,0.5,0
58,91451.67,684,36176.17,36,0.2167,16.5,0
49,83976.56,659,2000.0,36,0.1119,8.5,0
55,42019.37,605,4780.48,36,0.1957,6.6,0
45,94491.97,758,19778.5,48,0.203,0.9,0
60,48429.95,588,19986.42,24,0.1498,1.4,0
36,27496.54,738,24521.64,12,0.3191,4.8,0
26,48539.69,587,15882.62,60,0.3137,0.9,0
63,53545.73,630,5137.08,36,0.1793,1.4,0
44,44150.19,563,20491.05,24,0.05,9.8,0
50,26423.19,719,21875.17,36,0.241,1.2,0
29,73291.46,587,21120.2,24,0.0526,2.4,0
30,107056.57,737,7929.56,12,0.0512,1.5,0
32,87577.64,708,17093.6,48,0.1549,2.2,0
60,77722.65,635,10315.4,12,0.1064,3.7,1
54,44426.33,774,25873.81,48,0.3463,3.3,0
49,43541.63,700,21191.83,36,0.3847,1.1,0
21,51803.76,770,8395.85,36,0.2914,1.5,0
28,81942.28,696,32105.48,24,0.2673,4.9,0
46,53685.18,558,25202.02,60,0.2186,3.5,0
57,66736.41,640,17981.95,48,0.0559,18.9,0
46,94872.07,689,4693.93,12,0.2959,2.6,0
28,76721.78,637,13975.31,36,0.1566,19.3,0
28,53137.29,653,21272.78,36,0.1909,20.8,0
42,95579.21,599,29702.59,36,0.2947,3.7,1
45,59577.84,691,20026.3,24,0.1537,0.8,0
26,79174.41,618,29208.53,24,0.2032,24.4,0
41,82547.26,850,13125.21,24,0.2896,11.8,0
53,50727.85,749,16483.86,36,0.1221,5.9,0
57,86736.48,693,13957.98,36,0.3552,5.0,0
22,38234.64,719,2000.0,36,0.0895,0.0,0
49,66977.36,662,33723.8,36,0.1933,5.7,0
48,71852.29,757,9871.54,36,0.2334,0.8,0
37,55631.05,695,17605.06,60,0.2385,14.3,0
22,35047.61,718,40316.57,36,0.3038,0.5,0
29,104639.57,552,13931.3,60,0.2571,8.8,0
39,60600.25,603,4429.33,36,0.542,11.9,0
40,100962.66,811,21235.24,24,0.05,3.6,0
28,75501.71,583,13440.44,12,0.05,9.2,1
64,27510.84,832,12415.66,36,0.1711,7.2,0
35,98964.44,648,25637.2,36,0.2234,5.2,0
30,80167.54,694,39875.13,36,0.2002,25.6,0
39,79049.64,757,16706.47,24,0.3144,0.2,0
34,73956.32,714,2000.0,48,0.1962,4.4,0
48,110725.11,675,20197.18,24,0.2231,8.9,0
34,83975.22,760,13521.55,24,0.3672,0.0,0
35,44650.3,715,26277.95,24,0.1115,2.6,0
60,57865.54,751,16016.09,60,0.1622,4.1,0
39,59614.84,752,6830.51,60,0.2108,5.6,0
55,71168.62,521,17344.59,24,0.05,4.8,0
27,54646.75,560,14418.46,36,0.4033,8.0,0
64,94068.86,583,20661.55,36,0.3142,0.2,0
37,100271.09,665,25949.42,36,0.2097,9.8,0
49,69678.21,736,5609.74,24,0.2095,9.3,0
24,42956.95,615,28519.58,36,0.1211,6.5,0
47,73857.96,634,20647.98,36,0.2439,6.3,0
25,69841.81,668,9551.21,48,0.1465,5.3,0
43,62440.89,658,12569.48,36,0.2723,0.3,0
30,62793.19,724,17872.68,36,0.2349,2.1,0
61,56154.03,754,5882.45,12,0.2604,2.4,0
60,87224.19,632,34527.91,36,0.05,12.7,0
52,73163.63,819,18203.65,24,0.1609,10.0,0
25,65710.89,649,23880.9,24,0.232,3.0,0
63,64723.24,818,9083.24,36,0.3003,4.3,1
28,76770.99,725,21987.17,36,0.2242,0.2,1
33,87118.86,704,21669.73,24,0.5003,2.9,0
38,34413.03,787,12411.04,36,0.1854,0.3,1
46,64681.16,611,30878.17,36,0.1911,4.4,0
27,67897.31,615,25723.77,48,0.0741,4.3,0
33,84720.58,519,13509.55,36,0.2522,3.3,0
41,51855.2,840,20686.46,24,0.1382,3.1,0
49,87411.2,699,4692.48,36,0.0817,0.4,0
46,52690.86,668,18899.21,48,0.4013,5.1,0
61,38148.47,677,19620.08,12,0.1955,7.5,0
24,54764.56,640,23774.04,36,0.0724,5.0,0
51,86738.97,653,27549.18,24,0.122,3.8,0
46,74708.92,692,18196.85,60,0.1528,1.0,0
59,83262.96,593,20265.95,12,0.1665,0.8,1
22,44164.97,604,30392.54,48,0.0775,1.4,0
30,98780.31,540,14775.06,36,0.2918,2.7,1
58,69015.35,596,28559.94,24,0.4393,3.7,0
61,82655.57,662,23918.61,36,0.05,18.6,0
38,40302.11,681,10360.35,36,0.1984,1.4,1
43,30933.94,740,22811.94,12,0.1905,1.6,0
41,54453.16,826,36914.7,36,0.0908,3.6,0
58,80267.29,660,31288.51,60,0.4442,5.9,0
23,69925.22,643,13648.24,48,0.1615,11.5,0
32,38290.27,738,23065.06,36,0.0581,0.9,0
22,113869.82,607,15942.39,48,0.2481,7.8,0
39,46101.39,731,12384.76,24,0.2308,0.1,0
23,99517.34,816,35389.0,60,0.2491,4.2,0
62,78291.1,681,19837.22,12,0.0758,6.8,0
50,74007.91,662,26882.59,48,0.1126,1.3,1
54,57398.39,706,36784.69,48,0.1364,16.9,0
55,35012.28,693,25348.39,60,0.1374,2.1,0
64,43333.57,753,22491.94,48,0.1571,2.7,1
40,76909.82,713,13703.09,36,0.1227,3.1,0
57,48170.62,651,3880.86,12,0.1705,5.2,0
35,59455.15,617,13757.23,36,0.0951,1.0,0
62,34844.57,640,20550.92,24,0.3064,2.9,1
63,44148.08,664,28876.7,60,0.2682,7.1,1
55,49845.69,744,12115.37,12,0.222,0.7,0
42,23684.08,679,16199.21,12,0.119,0.0,0
28,83398.64,607,24175.41,36,0.1293,9.9,0
63,44548.05,850,24630.7,36,0.2668,7.7,0
63,73304.22,635,29605.85,36,0.081,3.6,0
40,59851.21,667,22609.35,24,0.3032,0.5,0
54,105604.2,749,20144.71,36,0.3802,3.5,0
51,106234.07,741,35531.68,36,0.0711,2.0,0
63,57265.41,616,28038.79,36,0.445,7.6,0
38,73995.34,747,13296.31,36,0.1065,4.3,0
25,90530.86,830,9797.22,48,0.05,10.8,0
23,40820.62,573,25421.08,36,0.2143,0.9,0
23,65865.61,689,13756.89,60,0.0815,6.8,1
25,51176.6,618,22388.71,48,0.1814,1.3,0
48,60047.8,664,22757.66,48,0.0796,6.2,0
28,69523.86,637,13097.31,36,0.1935,5.5,0
21,75499.48,632,29062.29,36,0.1983,5.1,0
31,23701.07,665,28999.33,24,0.1569,8.6,1
21,61623.96,599,7156.78,36,0.3311,0.1,0
39,39868.53,672,19564.83,24,0.4171,17.0,1
49,89385.63,691,28143.81,24,0.0891,2.9,0
52,62557.58,645,31151.66,12,0.1136,3.4,0
25,95133.07,627,20868.26,36,0.1282,33.1,0
31,86747.85,566,10782.75,36,0.3345,2.7,0
58,56269.15,751,27489.74,36,0.254,3.3,0
40,92524.19,603,22185.22,36,0.1314,1.1,0
38,18000.0,736,11357.82,36,0.1946,6.3,1
27,42417.13,729,42926.05,24,0.4149,0.3,0
62,63908.87,625,40168.86,36,0.1524,6.3,0
37,35432.68,767,12580.31,36,0.2707,4.8,0
31,60238.58,638,14897.85,12,0.2242,9.8,0
24,79831.06,673,25711.51,12,0.05,4.0,0
23,65593.15,707,15645.03,60,0.1058,2.6,0
27,79360.5,715,8890.78,36,0.3865,1.5,1
41,66718.81,778,22606.31,36,0.2957,0.4,0
42,90526.47,821,23871.38,36,0.1694,0.3,0
21,82690.34,703,23325.85,48,0.2305,4.0,0
28,53838.63,659,26094.41,36,0.3237,1.3,0
34,79268.71,627,14461.66,12,0.3485,0.6,0
59,78303.05,761,12908.94,36,0.1232,4.8,0
30,80615.02,625,32612.63,12,0.2953,1.4,0
23,56124.18,757,22753.84,24,0.5042,7.9,0
51,90115.84,780,13555.94,60,0.0916,5.9,0
21,60771.21,470,29993.15,36,0.2462,12.8,1
41,80754.44,641,23400.63,36,0.0882,6.6,0
45,93617.42,731,19522.94,48,0.1754,4.1,0
31,71019.06,634,33057.05,36,0.3518,3.7,0
63,62672.66,748,2737.67,60,0.2278,11.1,0
41,70176.16,647,28242.82,12,0.1173,2.0,1
24,45644.46,640,3008.57,24,0.2604,2.1,0
59,73014.15,850,8836.13,48,0.3006,14.8,0
33,43433.98,646,17478.27,24,0.0908,4.8,0
49,68199.31,579,5560.23,24,0.1315,3.1,0
55,65956.48,592,7084.17,24,0.0995,2.8,0
59,44906.89,599,19953.58,48,0.3736,3.1,0
53,99814.57,665,14086.29,48,0.0585,0.7,0
53,76418.79,543,6102.64,24,0.2799,8.9,1
38,63560.88,803,17721.84,48,0.3374,1.3,1
47,55380.29,733,16615.53,24,0.082,2.4,0
30,67725.89,708,18877.51,24,0.3106,10.6,0
57,57533.71,575,28943.22,24,0.4978,1.5,0
52,101130.07,813,21254.9,36,0.3272,4.7,1
55,65419.79,699,12972.84,24,0.417,15.6,0
57,67667.6,699,21543.84,36,0.2146,7.2,0
33,53365.54,592,13954.7,48,0.3234,3.3,0
39,50710.6,745,19423.79,24,0.0581,3.7,0
62,38292.92,577,18691.84,60,0.3058,3.4,0
34,56685.69,648,19230.67,36,0.1735,1.0,0
38,82353.27,671,20557.43,24,0.2883,3.0,0
30,78999.01,616,27046.86,12,0.1806,1.7,0
23,56351.72,674,32717.23,24,0.05,4.1,0
44,42863.03,653,6093.56,36,0.05,7.7,0
33,103605.86,735,29783.48,60,0.0897,20.1,0
56,22459.99,727,15695.98,36,0.1205,4.0,0
45,38946.78,761,30958.19,12,0.1248,0.4,1
35,68368.7,692,6360.98,12,0.1765,15.6,0
58,58097.69,756,16910.14,12,0.3361,11.9,0
44,92780.33,678,25172.48,36,0.305,6.8,0
22,61348.04,639,19630.89,24,0.2094,3.9,0
29,18000.0,697,10430.85,24,0.1868,0.7,0
21,89581.38,786,19096.61,36,0.1632,1.0,0
54,102706.37,649,9693.58,48,0.2264,0.4,0
52,36858.45,652,17724.63,24,0.1555,4.9,0
38,44043.77,701,19450.32,48,0.1612,1.2,0
39,51111.2,781,7532.92,24,0.2502,6.3,0
55,75328.01,619,25215.86,36,0.3451,1.7,1
58,66002.97,727,19123.08,36,0.4014,2.3,0
33,51978.74,619,27004.62,36,0.1772,8.6,0
32,91249.76,643,25009.92,36,0.0816,5.9,0
59,29736.03,696,16512.11,12,0.068,2.6,0
42,63036.75,686,16923.73,48,0.0533,5.5,0
46,30252.87,619,29388.11,60,0.3594,4.1,0
49,50968.51,652,24416.09,36,0.0942,4.6,0
29,33513.68,673,24783.06,36,0.05,1.3,0
50,43799.87,682,13513.27,60,0.1034,3.4,0
29,70033.99,693,12507.6,36,0.0852,2.3,0
48,37822.01,539,9038.95,48,0.1072,8.2,0
49,62065.63,765,19401.44,24,0.3406,2.5,0
26,68140.46,715,12791.58,36,0.05,3.1,0
40,72582.73,510,10850.86,36,0.0791,6.7,0
47,30810.33,720,25305.42,24,0.2982,1.3,0
55,61274.81,623,15235.99,36,0.2608,6.7,0
57,67471.97,583,2000.0,24,0.0832,4.3,0
32,58698.46,611,18106.51,48,0.2135,0.5,1
61,67530.03,683,18916.69,36,0.0997,3.1,0
30,29706.52,793,28052.73,36,0.3855,6.6,0
21,53561.47,711,13690.74,48,0.2799,2.2,1
54,45333.27,646,23330.0,60,0.2082,1.2,0
42,81387.72,614,15699.12,36,0.3105,7.1,0
44,97426.89,602,35251.36,48,0.1868,3.7,0
41,46018.6,652,21312.83,24,0.3267,4.9,0
54,45275.57,707,14529.48,36,0.259,7.4,0
38,76859.17,716,23566.97,36,0.1565,15.3,1
38,67948.9,651,25796.89,36,0.3661,15.4,0
46,30169.88,660,28216.92,36,0.1363,1.8,0
49,84967.6,593,19526.76,36,0.0979,0.8,0
37,77187.03,613,36061.41,36,0.1937,6.1,1
56,89732.81,656,16230.13,48,0.0905,6.5,0
24,65940.02,679,13201.66,48,0.0511,3.3,0
64,80347.0,661,22593.28,36,0.0993,7.4,0
57,54956.52,670,12273.2,48,0.4222,9.6,0
46,50635.62,746,22900.28,48,0.2847,0.5,0
29,59798.49,752,19392.52,24,0.1004,3.5,1
50,49851.9,574,4558.05,36,0.2436,10.9,0
56,50698.81,693,18620.28,48,0.2435,3.3,1
62,82704.95,538,22964.02,48,0.1348,3.0,0
48,70989.88,602,29004.54,24,0.1079,14.1,0
58,63634.98,814,30809.63,48,0.233,6.8,0
59,33441.76,700,25394.97,36,0.1069,4.2,0
41,92691.61,565,22754.17,36,0.2352,6.8,0
37,78079.46,767,22139.16,36,0.092,5.3,0
56,52869.63,710,7504.14,48,0.2888,17.7,0
23,61725.35,650,16507.74,60,0.05,0.7,0
27,55092.2,720,15448.06,36,0.3157,1.0,0
25,71475.51,662,17692.66,36,0.3102,3.0,0
29,50206.81,752,28922.8,12,0.2194,6.9,0
50,18000.0,804,18579.43,60,0.3399,6.9,0
42,79441.84,655,34384.5,48,0.2368,3.0,0
48,22602.28,695,27933.91,48,0.0999,0.6,0
28,91444.06,669,5901.24,36,0.2244,0.5,0
22,88830.68,721,26430.17,60,0.1488,1.1,0
62,63764.81,726,5043.1,60,0.0988,4.5,0
43,67805.93,670,18806.34,48,0.1021,2.3,0
51,67974.56,642,4990.19,60,0.163,4.2,0
24,28471.41,685,3414.51,12,0.1497,0.2,0
59,101230.7,642,23323.85,48,0.4253,2.1,0
48,36318.06,649,9705.12,36,0.2314,13.4,0
55,101564.23,781,11680.78,36,0.3854,1.6,0
54,26950.95,696,9303.63,48,0.2425,5.0,0
37,55744.35,587,21115.39,36,0.3416,4.1,0
31,60862.68,602,32724.31,36,0.235,7.4,0
24,74736.59,711,16313.71,36,0.1279,3.3,0
46,58817.88,535,19864.52,48,0.05,1.9,0
31,45555.21,663,17036.39,60,0.1546,3.9,1
60,80007.03,606,25721.67,24,0.3018,8.3,0
61,89323.49,660,20637.28,24,0.111,1.6,0
44,57208.64,724,32305.61,36,0.3287,9.1,0
37,98368.33,640,20716.35,24,0.0979,4.8,1
33,69575.14,685,24058.44,12,0.3071,5.9,0
48,31581.79,662,35726.0,36,0.1582,10.3,0
56,49209.79,669,19773.11,24,0.1152,8.6,0
55,52593.15,767,27236.04,36,0.05,2.2,1
58,63333.83,654,24137.41,36,0.1158,1.8,0
45,85151.68,676,22097.31,24,0.05,1.6,1
25,63192.46,575,32278.28,60,0.2543,2.8,0
27,55527.1,788,42151.87,60,0.3764,1.0,0
28,64387.79,811,12254.12,24,0.2918,1.2,0
64,56622.52,601,13968.29,60,0.0832,9.2,0
30,52429.87,567,15946.46,36,0.1485,11.8,0
22,84798.06,644,5232.69,48,0.1758,8.0,0
51,20157.48,716,39722.3,36,0.1434,8.0,0
62,45833.36,606,15668.5,24,0.144,2.8,0
32,75798.23,703,20936.42,24,0.05,1.0,0
62,79356.61,793,22396.88,36,0.2085,0.7,0
24,76480.59,642,24176.54,12,0.2177,9.9,0
50,90447.62,765,16610.9,36,0.3525,4.2,0
61,41865.84,694,30919.43,48,0.5007,6.0,0
31,18000.0,732,22428.1,36,0.1431,1.5,0
60,41614.73,694,18675.22,36,0.1331,2.9,0
24,41599.79,665,27760.76,24,0.0516,3.8,1
21,82219.73,645,9531.34,36,0.0822,0.6,0
24,38148.75,777,28028.1,36,0.05,13.4,0
46,62050.69,577,22257.8,24,0.2031,10.6,0
47,49128.11,823,4946.99,60,0.3358,2.1,1
31,63038.34,726,23898.15,48,0.1721,3.0,0
55,68153.57,711,6160.83,24,0.0653,0.5,0
61,54960.03,694,15378.17,36,0.221,0.0,0
33,69134.5,644,37495.51,48,0.125,3.1,0
56,18367.93,666,15231.31,36,0.1782,4.0,0
25,56426.23,651,12025.26,12,0.183,16.5,1
59,51410.7,738,9791.77,36,0.1087,6.9,0
42,76466.72,684,4500.25,36,0.05,2.4,0
49,51401.87,652,20206.92,36,0.0847,4.6,0
33,49447.76,548,5776.02,12,0.2863,1.7,0
21,71983.44,693,19055.9,24,0.0962,3.5,0
63,75746.88,719,30563.72,48,0.1682,5.6,0
31,54153.19,625,28745.22,60,0.1133,1.9,0
40,67205.32,605,17733.08,48,0.0644,2.9,0
63,55428.24,641,28442.67,24,0.05,2.0,1
64,67873.8,646,29173.41,12,0.3816,2.8,0
50,66683.12,696,28525.89,36,0.1525,2.5,0
35,78868.63,808,17019.63,48,0.054,11.8,0
40,60607.34,850,14663.38,12,0.0997,5.7,0
37,56366.55,769,13453.15,48,0.1253,0.2,0
59,96692.87,619,26618.45,48,0.1807,2.2,0
57,83300.21,697,9617.37,24,0.0969,3.5,1
64,88819.04,531,20500.69,24,0.05,0.8,0
56,70542.36,565,19215.37,60,0.186,0.5,0
34,92963.58,763,14731.77,12,0.424,2.3,1
54,45114.63,720,18007.15,36,0.3106,5.1,0
48,61085.36,518,17182.02,12,0.104,1.3,0
23,48786.17,665,18280.69,24,0.2663,2.4,0
45,67647.27,736,29689.46,36,0.2277,2.6,0
55,46663.32,651,27577.23,24,0.3866,3.0,0
57,96869.11,850,22302.0,60,0.3874,7.4,1
60,52520.24,737,8833.16,24,0.106,11.7,0
59,81823.36,704,9271.82,36,0.1357,15.3,0
28,89033.28,576,31136.05,36,0.0659,5.8,0
30,85546.79,610,15283.25,36,0.1649,4.5,0
58,69170.05,739,15157.56,36,0.1491,10.0,1
27,111253.61,605,5429.79,48,0.1861,1.7,0
37,30365.46,677,23596.34,60,0.2717,0.1,0
52,38026.45,639,25682.74,48,0.2053,6.2,0
22,79624.51,684,13622.24,36,0.3471,12.4,0
63,61180.32,714,9954.66,36,0.2949,2.3,0
35,94928.59,704,12852.43,24,0.3021,5.1,0
44,51063.58,653,37427.51,36,0.3092,2.0,0
23,41952.28,556,35054.42,60,0.2093,18.5,0
35,77969.55,656,12803.13,48,0.2951,9.0,0
52,39341.01,730,15251.65,60,0.05,18.2,0
61,65870.99,726,12878.94,24,0.05,3.7,0
27,94003.26,666,16773.07,36,0.2123,3.7,0
42,87083.63,606,6490.04,60,0.2442,8.1,0
30,100105.26,571,23982.33,48,0.0944,7.0,0
32,65999.05,660,9911.53,24,0.1476,2.3,0
54,79128.61,732,21068.49,24,0.05,0.4,0
30,78439.75,835,27185.99,36,0.076,2.7,0
37,88832.01,741,23517.87,24,0.2163,3.2,0
45,94397.84,726,16980.65,36,0.2172,0.4,0
58,45877.73,769,23369.79,48,0.088,2.7,0
34,67254.45,750,19310.55,60,0.0899,5.5,0
34,85828.86,662,20628.5,60,0.1279,7.5,0
39,34609.53,809,13723.77,36,0.2154,2.4,0
33,26828.82,720,28913.06,24,0.4215,0.1,0
41,89852.4,722,9948.73,60,0.2177,7.6,0
24,68892.82,731,23468.32,12,0.1791,6.4,0
43,29503.89,661,21855.17,36,0.2522,4.6,0
53,96208.25,616,22606.42,12,0.1236,0.6,0
23,68561.54,528,23926.75,60,0.255,12.0,0
32,77650.73,681,26733.99,24,0.0716,4.7,0
56,76741.47,772,15683.24,48,0.256,1.7,0
26,55108.89,633,34565.04,24,0.0705,13.6,0
39,18000.0,636,18792.1,24,0.059,4.0,0
40,33490.53,685,18385.32,48,0.2814,2.2,0
45,59838.27,652,17816.73,36,0.4335,2.1,1
56,67560.0,621,13603.3,24,0.1678,5.2,1
44,71445.74,519,24770.68,36,0.1994,2.9,0
62,84410.61,825,17496.52,60,0.1384,2.5,0
23,60417.77,655,24753.0,36,0.2588,1.7,0
45,28250.82,577,13454.01,36,0.05,1.1,0
31,82604.96,622,24963.6,24,0.05,2.1,0
40,80042.04,606,34083.87,36,0.6055,1.1,0
23,65038.16,826,29706.97,48,0.185,4.3,0
61,95959.7,639,38740.55,48,0.0938,2.4,0
22,81486.05,535,8821.94,24,0.05,1.5,0
35,81814.56,824,24119.94,36,0.0927,0.8,0
31,44411.08,666,2000.0,48,0.5293,1.7,0
28,51552.07,660,14270.42,24,0.1162,5.8,0
39,36736.74,496,31087.04,36,0.1378,1.2,0
46,61132.8,716,22848.69,36,0.05,6.4,1
59,57532.33,650,25627.1,12,0.05,2.2,0
32,72169.44,582,14295.96,48,0.131,5.9,0
34,86522.47,593,21005.51,12,0.2405,12.3,1
36,59281.22,688,11694.38,36,0.3143,8.8,0
35,36038.56,721,25515.2,24,0.189,3.0,0
54,53207.59,498,26019.21,36,0.2294,7.5,0
58,69606.59,583,2000.0,48,0.113,16.1,0
43,71357.08,638,12669.94,36,0.0946,3.0,0
46,43798.82,761,5246.41,36,0.3732,3.5,0
58,79476.61,731,16698.65,48,0.0542,5.7,0
53,78726.9,678,28896.03,24,0.1305,1.0,0
57,75872.97,581,25556.1,36,0.2118,0.7,1
64,122525.58,765,19553.3,24,0.2536,4.4,0
55,32629.78,684,8383.61,36,0.4733,11.0,0
41,41545.07,727,32801.7,60,0.1613,3.2,0
39,104513.5,748,31768.61,24,0.3526,6.7,0
29,71622.52,620,24246.42,36,0.2876,35.0,0
29,100344.62,505,17889.53,36,0.1576,2.8,0
32,66917.93,675,30973.25,60,0.1355,2.7,1
52,61230.28,612,33469.23,60,0.096,4.0,0
62,61232.74,735,7080.48,36,0.2437,11.2,0
59,44665.49,628,10356.54,48,0.3959,11.4,0
32,54028.02,690,29364.13,24,0.2573,6.0,1
37,46288.65,659,13494.22,36,0.2978,0.6,0
38,47966.59,693,22489.69,36,0.1664,1.7,0
45,45990.46,601,6683.82,48,0.1819,3.5,0
32,65904.98,747,27642.1,24,0.1694,0.5,0
38,67151.56,775,15062.41,36,0.1225,11.9,0
43,91288.29,717,16050.48,24,0.2242,8.2,0
40,71902.85,567,16293.61,24,0.1713,0.4,0
38,41681.1,683,13333.74,48,0.05,3.3,0
49,88204.09,559,27880.26,36,0.2677,1.4,0
53,27385.78,730,13410.67,48,0.1516,5.9,0
29,65783.52,669,16949.94,48,0.129,0.8,0
25,83043.63,748,26832.22,60,0.1566,5.3,0
28,74719.62,697,29539.08,24,0.2128,4.3,0
25,87856.61,610,2000.0,24,0.1902,1.3,0
44,42875.79,686,24926.04,60,0.0511,10.6,0
23,63312.64,612,23798.75,36,0.2916,1.6,0
41,103194.55,513,9321.8,36,0.1265,12.4,0
58,55939.2,693,22924.98,48,0.2,2.3,0
43,63733.81,682,15391.79,36,0.0615,3.0,0
44,74891.38,707,17227.14,36,0.1205,2.2,0
57,35628.85,551,27108.38,24,0.1818,1.7,0
57,78666.67,501,20196.99,24,0.083,2.0,0
56,57120.08,788,33004.09,24,0.4078,2.1,0
21,60737.56,676,24469.57,24,0.218,0.9,0
26,44234.98,714,8909.73,12,0.1429,2.5,1
62,93196.5,615,26117.16,12,0.1834,7.5,0
42,81478.97,691,24576.56,12,0.1256,6.5,0
45,86501.01,677,17739.86,24,0.3726,10.7,0
30,74321.04,785,18823.86,12,0.286,1.2,0
45,77432.74,615,10484.84,12,0.2451,6.7,0
61,76855.38,820,19884.61,60,0.0739,0.8,0
54,92909.66,693,23754.49,12,0.2077,3.6,0
51,66589.76,720,25535.8,48,0.151,0.3,1
58,86586.15,580,28396.07,24,0.1048,1.0,0
25,56168.64,719,31449.15,12,0.1394,11.5,0
25,42399.05,714,26299.21,36,0.0749,5.6,0
54,92021.03,725,13708.74,48,0.0989,3.2,0
24,76809.58,654,13356.94,36,0.1354,10.0,0
47,83483.67,569,18387.89,24,0.0839,10.1,0
33,64258.47,788,35773.01,48,0.0917,2.0,0
45,42162.05,741,36333.56,12,0.3351,7.0,0
53,76965.43,743,18976.43,24,0.3024,7.8,0
56,43962.59,651,27715.35,12,0.1501,0.0,0
60,51411.1,721,21840.11,36,0.1009,11.5,0
26,42080.11,823,19828.86,36,0.4396,7.3,0
52,76838.93,694,18840.47,60,0.116,5.9,0
54,50094.62,727,2000.0,24,0.2314,1.6,0
48,72695.08,654,14904.67,48,0.1064,13.2,0
58,59655.68,811,16326.23,48,0.0727,5.3,0
26,42453.56,723,18428.13,24,0.1275,0.9,0
44,51103.52,627,14631.49,36,0.1665,6.3,1
45,31443.89,767,20629.22,36,0.2832,1.8,1
41,18000.0,727,23279.44,36,0.1139,1.1,0
39,73492.07,690,20262.51,36,0.1691,1.4,0
44,47194.8,726,13465.19,60,0.1203,0.0,0
38,71065.27,758,30726.4,12,0.3057,1.2,0
45,66372.52,725,31875.21,60,0.1594,4.4,0
53,60501.86,594,15792.19,12,0.0903,6.1,0
48,98415.31,672,23223.7,48,0.1949,8.3,0
60,66304.47,720,11595.27,36,0.0729,8.1,0
51,96724.13,652,34728.36,36,0.1395,3.9,0
51,32400.88,601,25962.49,36,0.1927,1.1,0
48,55023.69,642,27619.86,12,0.05,2.2,1
54,45361.76,765,3978.07,24,0.2945,3.2,0
43,56839.68,707,10311.12,36,0.2412,2.1,0
32,65647.58,742,23665.75,36,0.3795,2.1,0
35,56637.83,756,31435.89,24,0.1091,0.1,0
61,59141.55,640,17810.9,36,0.1033,1.4,1
31,50125.56,676,31891.73,48,0.1508,18.2,0
43,54127.44,571,15741.51,60,0.192,1.8,0
40,54505.1,753,28281.24,48,0.1474,11.8,0
40,69304.79,831,29231.01,36,0.208,1.1,0
38,63101.04,723,31205.47,24,0.2712,12.0,0
56,35538.44,646,2000.0,36,0.0991,13.7,1
54,50022.9,729,22020.09,24,0.1762,8.2,0
46,117364.18,733,34133.42,36,0.1556,9.3,0
29,83783.79,783,15457.98,12,0.3988,14.7,0
61,83852.66,585,14928.74,48,0.118,10.3,1
38,49600.18,529,16931.77,36,0.4098,5.4,0
53,85772.59,695,36977.47,60,0.3634,11.9,0
56,47725.53,603,20789.75,60,0.1154,3.9,0
59,51959.42,577,20041.11,12,0.2907,3.6,0
58,50990.75,667,2691.08,36,0.05,0.7,0
31,57737.47,629,30819.21,36,0.0613,5.3,0
36,47729.02,548,32610.6,36,0.2552,7.7,1
37,75492.66,686,30212.5,48,0.1118,5.3,0
24,50854.17,635,38722.83,36,0.3137,9.0,0
56,83714.91,745,13709.12,48,0.2344,4.1,0
47,58916.42,616,24286.69,12,0.0915,0.3,1
45,78253.8,488,25014.54,36,0.0757,1.3,0
47,89605.46,626,10770.13,48,0.0628,7.5,0
42,95418.12,645,32294.6,48,0.4003,14.1,0
25,92310.63,526,16153.54,48,0.1557,8.5,1
57,63463.85,814,26365.25,24,0.3331,6.2,0
49,95752.17,607,21263.69,24,0.1399,0.1,0
42,76448.37,559,29509.8,48,0.1761,9.2,0
49,63404.07,616,29927.14,48,0.2653,1.9,0
52,62080.73,660,18674.47,36,0.2957,0.9,0
29,62737.27,636,18811.14,36,0.498,7.9,0
48,51639.57,750,23903.05,36,0.1655,1.3,0
58,50421.12,649,39193.07,24,0.22,5.9,1
23,93131.13,646,23321.62,48,0.0958,17.0,0
52,44974.55,702,17488.46,36,0.1841,3.4,0
42,48713.01,721,22403.47,48,0.1845,0.2,0
36,28159.32,714,19099.32,36,0.1547,2.4,0
52,56090.44,768,30451.48,48,0.1007,12.3,0
58,38127.11,697,25145.35,36,0.1099,5.0,0
41,50574.87,571,21125.25,36,0.1376,5.7,0
28,67423.64,628,24696.04,48,0.0821,5.5,0
27,37570.88,628,29286.04,12,0.1112,6.8,0
26,43619.58,624,6977.63,24,0.1141,0.3,0
38,48233.9,789,30368.34,48,0.1938,1.7,1
48,35015.95,637,13819.22,36,0.1135,4.0,0
46,111471.61,733,20917.57,12,0.4176,4.7,0
29,75400.55,730,31483.84,36,0.128,0.8,1
26,122891.69,760,14286.55,48,0.1188,5.2,0
60,65932.69,739,25351.12,24,0.0975,4.8,0
52,26212.8,697,24750.2,36,0.0778,1.2,0
53,62791.82,598,13492.46,36,0.3058,20.2,0
50,53631.57,754,28380.34,36,0.3016,1.1,0
24,94294.94,687,23887.66,48,0.3568,6.3,0
35,92722.41,798,20111.42,24,0.2038,7.2,0
49,51316.13,587,22400.41,24,0.2569,7.0,1
37,28397.43,656,14879.99,24,0.05,5.8,1
44,44397.06,622,5557.0,24,0.1324,13.9,0
53,26500.25,670,18072.86,36,0.237,5.5,0
33,59960.82,554,25329.26,36,0.2972,5.2,0
26,67810.16,642,31145.97,24,0.0636,1.5,0
39,45846.16,563,14949.56,36,0.0983,4.7,0
34,76690.91,754,28429.15,60,0.1294,7.6,0
54,79296.11,603,29259.89,48,0.3132,4.6,0
63,83434.19,708,28331.77,36,0.1089,0.9,0
37,32867.12,714,26958.48,48,0.1609,8.6,0
43,48124.11,730,34754.41,60,0.2204,3.5,0
60,75174.24,655,32658.89,24,0.1958,1.9,0
32,47755.78,599,25461.39,36,0.2712,0.6,0
51,42200.6,777,23403.96,36,0.2877,10.4,0
62,62463.75,694,16861.18,60,0.05,1.1,0
41,26611.15,642,22288.24,36,0.2568,1.6,0
42,26232.36,577,20903.02,36,0.1221,16.9,1
31,71836.58,572,20096.79,36,0.3611,2.0,0
43,53523.62,564,28567.43,36,0.3429,8.6,0
43,95062.4,686,25577.67,24,0.3076,11.3,0
55,49280.68,681,21956.24,36,0.0932,14.1,1
35,104275.65,782,17129.25,60,0.4415,1.3,0
32,55475.58,621,29392.71,36,0.0863,5.9,0
53,80777.62,755,36319.14,36,0.1029,0.1,0
63,81950.04,584,4741.89,48,0.176,1.3,1
49,72695.55,673,15810.72,36,0.1739,4.2,0
59,51889.3,797,16791.36,36,0.2207,11.4,0
63,93617.78,634,20914.92,60,0.3991,10.8,0
21,54472.16,554,10887.07,60,0.0604,3.6,1
52,53192.09,783,10721.8,36,0.1541,1.8,1
46,94858.46,679,29654.35,24,0.3481,4.0,0
43,66938.98,673,6609.36,36,0.3384,5.4,0
39,34328.16,586,23892.0,24,0.1773,0.3,0
59,52834.01,635,19579.44,36,0.1939,3.1,0
50,70246.58,722,21313.67,36,0.2891,0.1,0
57,43480.49,666,14762.11,48,0.2314,3.6,0
40,60695.07,577,27992.86,36,0.1799,2.0,0
43,25034.02,693,25175.54,36,0.1029,5.2,0
57,85332.33,679,27240.5,12,0.4879,0.0,0
63,69935.82,637,25265.73,24,0.1683,2.7,0
34,53874.03,634,6836.58,36,0.2524,0.2,0
55,60412.06,703,27869.75,36,0.1777,4.0,0
36,61369.84,495,8105.29,36,0.2864,5.5,0
53,69173.33,650,3041.4,24,0.1601,8.7,0
40,73790.78,660,31715.46,36,0.265,0.2,0
42,67287.11,649,15787.36,24,0.05,35.0,0
31,58364.75,800,40871.07,48,0.1613,4.7,0
22,44274.1,716,29221.96,48,0.3361,2.0,0
26,58514.57,678,29471.05,24,0.4922,0.1,0
46,74812.68,643,4630.83,36,0.1642,1.9,0
56,43718.63,670,13937.69,36,0.1652,17.7,0
44,18000.0,682,18495.56,36,0.05,2.0,1
62,54944.59,697,14230.69,24,0.1358,6.3,0
37,35552.35,799,23207.73,24,0.1731,4.7,0
29,70856.23,662,33389.29,36,0.1292,0.9,0
62,45967.51,699,23942.07,24,0.0974,2.0,1
55,76132.76,687,20510.96,60,0.0962,12.0,0
41,21264.54,649,18467.35,24,0.2933,6.1,1
37,89856.71,778,13161.04,12,0.1602,0.6,1
49,48260.73,646,22909.32,36,0.2535,2.3,1
48,52261.7,785,19578.9,24,0.1227,0.5,0
39,63298.05,469,35484.47,36,0.433,4.7,0
42,103513.44,785,18537.62,36,0.2036,2.6,0
34,35659.46,551,13602.92,48,0.3227,0.1,0
32,86646.3,721,25645.99,48,0.5546,0.8,0
30,60203.94,664,16227.17,24,0.3695,4.2,0
59,85866.27,631,17869.28,48,0.3648,7.4,0
56,52284.32,668,8569.25,36,0.1369,1.6,1
22,92949.16,665,7282.51,24,0.0638,0.3,0
60,77377.11,802,11151.13,48,0.068,0.1,0
21,47863.33,721,26458.64,36,0.2949,1.2,0
29,70102.09,739,29411.72,12,0.2477,6.9,0
43,35980.6,764,32185.6,48,0.0815,9.1,0
58,73889.29,758,39605.37,24,0.203,7.6,0
54,92585.07,675,36071.81,48,0.1903,1.1,0
54,39926.78,740,27187.13,12,0.2503,6.2,0
41,67519.96,766,30144.89,36,0.3304,0.9,0
33,83796.29,663,31655.15,60,0.054,0.6,0
40,75490.98,603,30812.5,36,0.2096,1.9,0
54,64970.54,618,2051.18,12,0.2102,11.2,0
55,36766.69,597,2000.0,12,0.0902,2.6,0
53,63780.16,694,11776.85,48,0.3231,3.0,0
26,59218.77,761,18013.18,60,0.2819,3.2,0
57,86934.43,621,27494.46,24,0.3718,2.1,1
57,63559.06,734,29958.14,60,0.0734,7.1,0
34,29741.12,781,25069.42,24,0.0696,13.1,0
59,67771.98,722,11485.84,24,0.2408,2.8,0
57,55275.18,623,32055.08,36,0.2037,4.6,0
36,70685.37,680,15625.86,24,0.06,4.9,0
27,68657.15,686,28366.73,12,0.1278,2.4,0
39,20287.45,750,34171.41,36,0.5189,0.8,0
48,81576.34,635,21581.27,36,0.289,1.5,0
46,58124.61,666,13694.19,48,0.3614,1.5,0
61,72648.64,696,29175.62,12,0.1836,1.7,0
55,43002.2,747,11189.21,60,0.263,5.2,0
51,48133.22,616,2000.0,36,0.203,18.0,0
52,67620.66,702,12993.19,36,0.1826,1.8,0
34,70168.14,825,25619.18,24,0.0778,0.4,0
31,53305.11,586,21685.19,36,0.1697,2.1,0
59,45635.16,577,21999.85,12,0.3396,13.8,0
37,75409.97,610,8972.87,36,0.4593,0.1,1
40,41016.31,649,23830.08,60,0.2634,3.4,0
50,68241.73,619,24099.51,24,0.0832,11.3,0
35,35002.07,739,20575.8,48,0.1597,13.9,0
63,114987.99,576,22594.42,12,0.1479,0.3,0
53,65407.75,644,26039.55,24,0.1195,10.2,1
50,69092.29,751,10292.3,24,0.3057,2.4,0
59,84137.18,596,22752.53,36,0.1382,11.3,0
21,104407.83,830,19736.68,24,0.2637,4.7,1
25,73786.77,556,16442.37,36,0.2889,16.2,0
40,105419.24,590,27708.48,60,0.3803,4.2,0
61,72279.35,803,18611.79,36,0.2004,1.4,0
43,43831.62,654,29876.88,48,0.2036,1.3,0
53,75644.77,666,7823.58,60,0.4449,0.6,0
57,37857.0,717,14600.99,60,0.1807,2.5,0
58,72975.94,645,31925.36,48,0.3031,10.9,0
28,62185.08,738,22189.32,12,0.0566,3.2,0
50,71162.43,831,23229.65,24,0.1105,3.7,1
45,80101.19,623,14955.29,36,0.1364,4.7,0
64,42919.45,637,13460.25,12,0.4095,1.6,0
36,63075.57,640,2000.0,36,0.05,0.7,0
21,64734.2,789,20731.79,48,0.335,1.0,0
64,43351.61,667,21629.48,12,0.2378,0.9,0
30,71126.2,774,18376.68,48,0.4524,9.9,0
60,92968.3,761,17377.85,12,0.2378,10.6,0
32,75603.07,684,25399.93,24,0.066,7.1,0
63,57721.34,753,29115.5,48,0.2759,2.6,0
63,68057.09,745,11887.13,48,0.1766,5.9,1
32,44446.67,676,27071.7,36,0.1268,5.5,0
25,53336.05,622,31747.58,24,0.1651,3.7,0
52,29717.45,771,11650.77,36,0.0911,3.1,0
23,81562.2,679,30833.24,36,0.2527,0.9,0
63,79688.54,576,33222.81,36,0.2985,12.6,0
38,84831.55,683,27476.99,36,0.1708,0.6,0
21,66700.0,599,12779.99,48,0.3258,4.0,0
33,89744.89,727,26943.86,48,0.401,18.2,0
48,32193.94,589,18828.66,48,0.2148,2.0,0
53,53247.69,598,12858.6,48,0.1273,1.4,0
64,95913.74,549,26517.34,36,0.2715,5.9,1
39,84309.63,567,19390.79,48,0.1423,4.5,0
31,42065.84,688,31046.44,48,0.0674,3.7,1
50,44162.1,733,20845.45,48,0.2999,4.7,0
60,95627.61,682,17369.09,12,0.2062,4.8,0
45,82064.22,697,19328.97,36,0.1371,12.4,0
21,66756.72,696,12647.1,60,0.3026,2.3,0
24,55469.53,634,23732.55,60,0.2245,17.1,0
41,52415.95,724,19126.76,48,0.1862,2.8,1
51,73546.26,624,21884.42,48,0.2314,11.2,0
22,77174.41,600,30373.29,48,0.05,3.7,0
21,64196.33,727,16923.08,48,0.1889,1.8,0
50,67083.71,698,31120.79,36,0.05,6.6,0
25,87777.36,647,16652.76,12,0.05,2.7,0
37,43465.35,693,10308.25,24,0.4093,2.9,0
47,54802.3,775,14603.86,24,0.1837,0.4,0
29,55420.61,790,14519.13,48,0.3655,2.2,0
57,53020.51,533,32120.03,60,0.1454,3.8,1
57,66849.29,615,21857.57,48,0.2413,14.8,0
21,68454.97,692,17211.71,48,0.2889,3.1,0
26,72261.49,677,21121.65,24,0.05,0.6,0
58,80802.04,741,17280.37,36,0.3295,3.7,0
46,69109.7,780,34358.12,36,0.2297,0.2,0
46,89635.39,653,22232.34,36,0.207,3.7,0
44,23426.5,701,27597.88,36,0.2508,5.5,0
29,46511.43,707,16677.65,36,0.1132,1.6,0
30,75914.03,533,18233.89,60,0.2117,15.7,1
37,98807.1,743,17429.99,36,0.1406,11.5,0
35,66516.73,604,9056.56,36,0.1908,8.8,0
48,37612.43,716,22653.41,36,0.2022,7.8,0
26,20850.87,673,14725.08,36,0.2573,8.5,1
55,66276.63,596,7659.23,24,0.3373,7.9,0
49,65167.07,623,33196.59,36,0.2101,30.7,0
59,79774.27,625,21171.85,48,0.0673,4.2,0
44,61602.28,702,24512.39,60,0.337,1.0,0
49,79781.5,660,20499.31,48,0.2555,1.6,0
35,76196.01,691,5461.19,24,0.2228,7.5,0
40,48075.18,656,31680.02,36,0.1262,13.8,0
44,94795.26,667,23125.37,48,0.3675,2.0,0
44,95498.78,634,10966.07,36,0.0703,5.5,0
42,44846.03,715,19943.75,36,0.1326,14.2,0
55,98505.57,688,33757.71,48,0.1001,9.8,0
60,75576.41,724,14099.39,12,0.2569,4.0,0
32,88809.23,695,23549.43,48,0.1222,15.8,0
30,48726.23,766,19882.1,24,0.2353,9.1,0
43,74676.17,782,13182.33,24,0.3594,1.0,0
63,40208.6,622,12411.5,60,0.2072,0.7,0
57,87002.79,560,23997.37,36,0.096,1.2,0
25,33511.79,605,18744.63,24,0.1485,5.7,1
61,88747.09,633,19007.98,48,0.131,4.5,0
39,67854.46,755,20393.08,60,0.1101,17.4,0
38,50581.69,631,24768.19,48,0.084,3.9,0
59,97303.13,616,20414.68,36,0.2602,4.1,0
29,77046.33,705,26016.08,24,0.3203,12.9,0
46,18000.0,548,23945.88,48,0.1282,3.8,0
58,52539.05,566,29880.9,48,0.0754,12.9,0
57,39839.46,762,32912.25,48,0.0907,13.2,0
22,64474.9,611,8484.78,24,0.2864,2.3,0
23,41569.1,729,16998.43,60,0.3961,7.7,0
45,70934.08,589,26663.17,36,0.1956,1.0,0
44,56586.63,610,7301.29,36,0.1375,0.2,0
29,56189.45,795,24518.72,36,0.0693,1.3,0
23,35520.2,813,30528.9,48,0.05,15.1,0
43,39336.73,658,8793.76,48,0.2053,0.8,0
42,49051.47,654,22821.19,36,0.2906,3.0,0
30,29902.86,691,15702.4,24,0.172,1.1,0
35,31357.1,743,22436.47,48,0.0964,8.4,0
48,52752.73,712,8512.03,24,0.0874,3.0,0
51,92742.31,632,2000.0,36,0.1719,6.8,1
57,59682.63,648,35251.63,36,0.2283,8.7,1
46,54546.75,746,28071.04,12,0.2818,0.4,0
51,96098.09,654,16929.39,36,0.2417,4.0,0
56,93071.5,710,10156.83,48,0.3037,17.1,0
37,37973.44,674,13108.71,36,0.3024,3.7,0
57,61932.22,821,41946.95,12,0.0585,2.2,0
23,56678.98,658,6098.77,48,0.1256,15.5,0
30,75147.89,641,20501.19,48,0.1671,0.9,0
23,27236.08,664,18158.26,36,0.1843,18.7,0
44,78458.67,781,23248.85,60,0.05,1.2,0
32,61380.01,631,16996.86,24,0.4974,2.1,0
59,93203.83,582,18383.28,60,0.2886,11.9,0
60,105116.81,556,30299.09,48,0.1418,8.7,0
32,58291.35,656,14240.11,36,0.3692,22.6,0
50,59031.94,677,36409.53,48,0.1734,7.1,0
61,69285.71,603,21327.31,48,0.1933,4.2,0
61,59781.87,743,10931.95,36,0.0579,8.5,1
37,94431.74,540,33605.12,36,0.287,2.7,1
52,87868.53,721,18484.89,60,0.05,1.1,1
22,53740.35,622,10931.0,24,0.2239,12.4,0
21,39652.27,656,20717.23,48,0.2391,8.2,0
50,65404.9,643,30124.18,60,0.1738,0.2,0
29,62939.53,542,19752.93,36,0.1868,2.1,0
28,82283.0,721,26987.06,36,0.141,13.1,0
64,62592.0,664,28040.73,36,0.1438,8.1,0
38,66872.69,718,19485.29,36,0.2715,1.7,0
24,51258.78,791,10564.46,48,0.1123,10.0,0
47,55828.7,849,4580.71,48,0.1505,11.1,0
62,62335.87,599,20664.97,12,0.1676,3.5,0
55,74752.01,600,20938.33,48,0.2587,4.4,0
43,59919.49,669,23265.27,12,0.0981,9.8,0
64,53842.75,695,36780.5,60,0.05,5.5,0
24,85011.66,634,10142.63,24,0.204,13.7,0
38,27308.79,628,2000.0,60,0.072,4.2,0
26,95591.5,643,24668.95,36,0.1737,8.4,0
38,57762.7,695,22932.66,36,0.2767,2.3,0
48,93317.69,657,35411.08,36,0.3145,13.8,0
38,68451.39,699,35209.21,12,0.0801,0.0,0
41,41162.67,720,11915.96,12,0.05,2.2,0
30,57366.98,659,11864.14,24,0.05,8.1,0
23,66852.42,850,35268.55,24,0.2861,2.7,0
45,78297.09,649,25640.19,48,0.0528,0.3,0
52,86795.58,643,17500.34,36,0.2109,6.3,0
44,50896.32,774,6582.32,36,0.1428,0.7,0
41,89933.37,794,7655.84,36,0.1186,5.8,0
56,31165.01,787,18950.17,24,0.3753,2.8,0
38,49111.19,663,28838.22,48,0.1747,8.6,0
31,80941.13,720,19092.65,36,0.1876,0.1,0
22,69433.97,375,4927.67,48,0.3359,1.7,0
53,54273.86,683,26209.94,36,0.2417,3.1,0
61,30341.1,591,36419.95,12,0.2075,8.6,0
62,59280.53,751,22400.14,36,0.1961,0.5,0
64,67874.83,710,7778.12,36,0.433,7.6,0
56,42046.63,645,20852.47,36,0.0706,2.9,0
40,101259.63,640,16340.22,36,0.0824,0.2,0
40,40037.36,749,25753.09,60,0.0929,13.8,0
23,50077.25,708,8615.05,24,0.2339,1.9,0
39,98030.58,680,23826.1,36,0.3825,2.7,1
31,74237.44,680,35817.41,60,0.2713,3.9,1
57,73612.74,593,35705.93,36,0.05,18.7,0
43,54494.66,650,14472.8,60,0.0812,3.8,0
48,51766.96,657,8635.54,48,0.3825,7.7,0
26,124586.15,613,4839.1,36,0.0794,2.1,0
34,106798.67,673,18034.67,36,0.1981,0.7,0
50,55491.91,656,15864.96,36,0.1682,1.5,0
57,59178.48,743,23402.29,36,0.1047,9.3,0
40,66185.52,671,12012.74,36,0.1607,0.3,0
46,86100.92,697,41410.7,60,0.1408,0.3,0
43,56155.9,633,26514.62,36,0.1917,6.0,0
24,69330.56,607,28466.48,36,0.05,2.7,0
36,70636.32,652,15256.27,60,0.439,9.2,0
45,29630.21,786,26825.04,36,0.2851,2.1,1
29,44392.74,670,11935.98,48,0.281,0.4,0
51,57464.41,701,5953.09,24,0.3108,11.5,0
53,59019.95,712,12994.89,12,0.2341,1.7,0
36,86801.1,707,13867.5,24,0.3644,6.7,0
45,92108.71,761,13765.93,48,0.1755,1.2,0
28,82730.99,686,14776.81,12,0.05,0.1,0
37,39374.16,665,37941.53,48,0.063,7.4,0
22,76037.82,659,20644.19,36,0.1376,0.8,0
40,84325.57,619,15884.08,36,0.2646,0.3,0
45,40173.86,623,28435.58,24,0.2645,1.3,0
21,81599.9,717,27077.09,24,0.2021,0.4,0
39,50552.93,700,2000.0,36,0.2489,2.8,0
41,36282.11,615,16226.7,36,0.3742,2.2,0
38,77584.27,719,6909.68,12,0.4356,1.7,0
45,18000.0,560,6361.5,36,0.256,8.0,0
34,18000.0,674,14223.39,36,0.2273,10.4,0
34,92904.31,678,23594.06,36,0.2597,3.2,0
57,47859.4,703,18740.93,24,0.2505,2.7,1
37,49232.41,741,3680.41,48,0.2165,4.3,0
35,63373.54,608,26344.47,36,0.2043,6.1,0
25,39429.98,760,23412.35,24,0.1117,3.3,0
24,92404.29,729,20197.74,12,0.1022,0.6,0
62,76642.04,653,24133.49,36,0.1491,2.9,0
46,22567.94,584,21571.86,24,0.3423,2.4,0
43,104193.81,633,21334.07,60,0.2512,7.0,0
36,72180.72,657,28709.54,60,0.1202,6.3,0
64,59500.55,717,11921.32,12,0.0747,4.4,0
39,57434.59,709,20850.72,48,0.3793,4.7,0
30,52048.97,850,19762.27,24,0.2528,7.0,0
51,83651.56,685,20650.82,48,0.2618,4.7,0
31,30984.43,665,17276.21,36,0.0761,6.9,1
21,98325.21,711,6662.48,48,0.1222,0.6,1
22,67446.03,744,27821.74,36,0.1993,1.7,0
47,45519.2,696,31672.54,12,0.1146,7.2,0
53,43519.65,606,11599.23,36,0.1321,6.1,0
34,62811.72,609,11315.05,36,0.2754,11.1,0
49,100619.51,674,20692.4,36,0.4866,2.1,0
41,91280.4,712,47589.27,24,0.4152,1.2,0
37,35812.72,715,14901.8,24,0.0707,9.9,0
23,86091.83,762,3096.16,24,0.3788,9.8,0
43,81389.81,633,12456.86,48,0.0701,6.4,0
38,112949.94,756,7127.09,48,0.1817,0.4,0
61,64821.75,748,21551.51,36,0.258,1.8,0
63,34218.09,659,13131.39,24,0.139,5.2,0
61,54822.26,670,19044.77,36,0.1905,5.1,0
61,78167.83,850,10286.39,48,0.1148,8.0,0
60,60515.64,748,22235.16,48,0.1158,4.7,0
61,57016.24,656,18681.95,24,0.0704,0.2,0
28,74916.25,730,26767.29,24,0.3338,7.8,1
23,50517.61,567,31398.88,36,0.05,0.7,0
22,87765.82,745,21489.34,60,0.2064,19.5,0
29,46889.49,745,29103.91,36,0.2561,2.4,0
34,56757.61,660,29573.65,24,0.0624,2.6,0
61,49258.63,668,32615.78,36,0.389,0.2,0
30,74467.67,661,20127.3,36,0.3758,14.1,0
45,92019.03,723,21123.4,24,0.3128,0.3,0
25,54210.88,670,16717.94,24,0.3377,0.3,0
47,33058.56,739,23261.82,36,0.0544,7.5,0
52,90677.61,565,14828.61,12,0.1402,13.8,0
42,73389.95,662,27607.74,36,0.0822,0.1,0
30,82275.08,594,17095.06,24,0.3103,22.0,0
28,44500.96,684,33844.49,60,0.1063,4.6,1
50,110083.9,584,13770.24,24,0.2664,0.2,1
33,71994.07,690,21587.68,48,0.3384,0.6,0
61,25769.13,639,24004.87,36,0.3299,6.1,0
22,70376.59,694,22645.46,36,0.1443,4.1,1
29,78308.31,656,3265.3,24,0.3028,3.3,0
57,84163.67,663,15439.36,36,0.2326,2.2,0
52,64027.07,535,18066.87,12,0.1169,0.2,0
38,74833.39,601,17576.58,36,0.0553,10.1,0
29,30510.43,802,29945.68,36,0.3204,2.7,0
46,98726.09,654,23783.41,24,0.1248,1.0,0
26,74607.74,659,18389.54,36,0.0598,4.6,0
25,79436.91,633,9835.33,48,0.222,2.1,0
35,54215.12,686,5063.76,48,0.3937,0.1,0
26,18000.0,604,17604.32,36,0.05,7.2,0
61,48254.41,755,24349.96,48,0.3608,9.5,0
39,61883.26,627,2000.0,48,0.1381,3.3,0
36,56281.0,687,18041.07,48,0.2746,6.5,0
38,46153.69,693,24620.64,36,0.1483,2.6,0
64,42335.73,618,13915.63,36,0.4042,5.7,0
54,84718.25,585,40898.62,36,0.3409,10.8,1
31,61190.63,504,26262.59,12,0.322,5.0,0
21,76040.9,615,22865.07,24,0.3348,1.9,0
54,61654.61,807,38110.53,24,0.2146,4.1,0
43,77547.53,619,19346.19,12,0.05,1.2,0
24,20232.3,656,33920.82,36,0.3334,2.6,0
50,92039.11,600,23623.57,36,0.1958,8.5,0
42,70975.62,570,20262.78,24,0.1697,2.0,1
40,38973.75,696,28181.65,24,0.2366,0.1,0
39,76780.4,589,24088.42,48,0.2258,3.3,0
62,86846.88,492,24195.93,60,0.1634,3.9,0
51,63636.81,698,31682.1,36,0.3928,4.9,0
39,50797.23,695,19659.99,24,0.3984,1.6,0
38,68363.63,696,18003.74,24,0.3829,3.0,0
32,43421.11,768,27016.26,36,0.1856,1.5,0
40,50438.25,687,33714.16,36,0.458,0.3,0
48,67960.96,695,17372.51,36,0.0538,5.8,0
47,86039.37,609,20667.99,36,0.4183,8.1,0
37,53454.08,736,12114.81,48,0.4076,18.1,0
57,55881.23,658,4717.71,12,0.0969,9.2,0
43,95049.04,630,30553.69,36,0.1443,1.1,0
46,85724.42,824,25729.78,36,0.3183,5.1,0
38,63950.97,631,9890.06,24,0.05,8.7,0
28,76419.37,632,2000.0,36,0.1143,5.2,0
54,103102.34,763,24515.5,24,0.1759,1.8,0
44,45926.64,637,13584.29,48,0.3014,1.4,0
27,65870.34,724,15403.28,36,0.1848,1.3,0
59,53998.87,735,16311.19,36,0.1319,2.0,0
40,93610.87,608,25942.0,48,0.05,11.7,0
43,32942.12,679,13153.6,48,0.1264,12.7,0
54,35419.11,642,23356.27,48,0.1038,2.0,0
57,95170.52,694,12286.39,48,0.3594,1.0,0
21,68741.04,789,15505.18,36,0.0864,12.2,0
44,65465.7,771,19130.14,24,0.2484,0.2,0
63,58483.86,687,23613.45,12,0.2122,9.2,0
38,62953.4,745,16740.82,36,0.05,26.9,0
35,113087.16,795,2000.0,36,0.1548,0.6,0
64,93614.43,786,9533.89,24,0.0848,6.1,0
55,63129.08,762,22824.3,36,0.05,2.0,0
27,43863.96,567,5105.95,36,0.0833,2.1,1
24,19576.66,758,19664.69,24,0.1674,2.2,0
31,84750.67,731,2000.0,48,0.1019,0.4,0
42,65999.74,729,22747.56,36,0.0656,1.7,1
40,65649.62,703,22547.19,48,0.4337,3.3,0
62,33069.27,850,23719.19,36,0.2603,11.4,0
60,31403.82,731,13895.49,36,0.2851,2.4,0
27,39362.85,678,11135.63,36,0.2019,12.1,0
49,109843.24,629,29492.11,36,0.0645,2.0,0
24,81499.81,621,22715.18,36,0.2076,5.7,0
50,51063.48,627,27669.73,36,0.1365,0.4,0
37,76968.83,630,30143.18,36,0.074,5.4,0
46,62759.0,701,19740.42,36,0.1267,1.3,0
52,69957.3,799,15810.37,60,0.2473,17.9,0
63,67854.36,716,41794.31,36,0.096,14.3,0
43,44879.05,754,24508.53,12,0.1881,4.3,0
38,85997.44,624,16637.02,36,0.346,2.9,0
26,67593.46,561,23775.33,36,0.2758,12.9,0
49,29901.53,566,21698.57,60,0.0892,5.9,0
54,71238.98,590,4863.45,36,0.2437,2.4,0
58,47126.55,808,11162.64,12,0.1983,2.8,0
63,79350.48,670,28485.58,48,0.05,1.9,0
37,97112.68,682,2000.0,36,0.0822,6.7,0
54,57990.2,799,6490.96,24,0.3976,3.5,0
63,41168.85,710,21280.07,24,0.1078,2.2,0
64,68011.96,628,20452.14,12,0.2226,14.9,0
37,86101.34,526,16611.94,36,0.2942,2.6,0
44,68494.05,726,28715.85,36,0.4653,1.5,0
29,45186.37,645,12436.43,60,0.1598,3.6,0
35,65394.47,708,22366.67,36,0.1457,3.0,0
37,63464.17,703,27507.56,24,0.1421,2.8,0
49,75164.29,574,19275.81,48,0.3596,0.1,0
62,58672.7,641,15179.88,36,0.054,6.0,0
58,50961.99,640,16923.59,48,0.0864,5.1,0
53,80328.7,574,36620.34,48,0.129,13.3,0
62,60288.16,726,23632.92,48,0.2353,12.9,0
53,73351.25,529,20969.84,48,0.4253,10.9,0
60,79631.98,669,21585.24,48,0.1245,28.7,0
51,40871.34,560,6681.11,36,0.2141,0.0,0
45,52501.96,702,32835.79,48,0.0526,5.5,0
43,46490.71,651,9939.08,48,0.1464,8.3,0
33,60173.49,699,25185.88,24,0.2575,4.0,0
38,82850.54,598,27902.79,36,0.1647,4.4,0
45,125855.08,616,5791.77,48,0.2431,5.7,0
33,21527.99,811,15412.63,36,0.1208,2.5,0
45,18000.0,707,19076.77,24,0.0908,14.9,0
34,86344.33,767,3100.85,36,0.3416,0.8,0
34,76034.34,663,17610.67,48,0.2042,1.2,0
21,95455.14,655,18106.21,36,0.2115,1.5,0
48,46116.18,734,20430.25,48,0.1928,2.7,0
31,66288.92,614,30526.71,48,0.3051,6.8,0
41,64226.63,644,8855.47,36,0.1254,3.1,1
47,85660.57,637,15192.3,36,0.1183,16.5,1
48,73140.06,660,19152.69,24,0.214,3.5,0
59,44154.68,670,14953.46,24,0.2847,0.7,0
46,85729.73,758,39979.08,36,0.2318,1.3,1
22,70696.08,594,28175.2,36,0.2009,2.9,0
31,60879.31,809,7430.69,36,0.1049,7.5,0
64,75308.23,613,13410.27,36,0.2903,3.1,0
60,86376.67,665,13495.48,12,0.3892,6.6,0
40,42109.99,752,10773.56,36,0.2626,11.6,0
45,68386.46,735,22503.36,12,0.22,2.8,0
27,74731.22,654,14905.15,36,0.3561,21.4,0
51,86976.6,606,13027.46,48,0.132,1.6,0
28,59363.39,708,29202.29,48,0.0509,2.6,0
41,74445.71,638,17540.77,48,0.0846,2.7,0
47,65892.29,800,32964.63,48,0.1703,2.6,0
53,64330.31,673,29377.23,60,0.3338,0.7,0
30,53993.86,717,31126.27,24,0.1134,1.7,0
33,67216.67,753,16331.91,24,0.3113,6.6,0
37,80378.45,634,35728.96,48,0.0594,10.3,0
49,95487.37,797,22092.35,48,0.1561,8.9,0
43,69907.93,694,29463.88,24,0.1636,2.5,1
47,76713.05,751,30142.79,36,0.3735,2.5,0
52,41621.19,736,13005.18,36,0.1478,2.4,0
61,64419.14,700,8383.09,24,0.2573,15.9,0
63,54104.13,823,21289.96,36,0.2807,10.9,1
58,46767.76,758,23074.07,12,0.307,9.9,0
27,68042.56,823,33015.21,36,0.3848,2.5,0
42,78936.25,735,19107.2,24,0.1541,9.3,0
50,36060.81,620,17923.46,24,0.05,8.0,0
55,88049.05,638,25512.84,36,0.3051,0.9,0
42,65930.87,589,30013.05,48,0.2525,0.1,1
38,63885.51,788,23779.14,36,0.1244,5.9,0
51,69550.96,566,11554.08,48,0.1771,1.1,0
63,95732.48,710,22075.99,36,0.2937,2.2,0
21,96200.59,663,13736.68,36,0.2046,2.3,0
52,63628.2,685,18443.89,60,0.1171,0.4,0
40,76514.08,664,17010.75,36,0.132,7.1,0
29,59705.43,738,9902.17,48,0.2696,7.0,0
26,55272.59,665,25082.73,36,0.4602,24.1,0
60,18000.0,557,19854.76,12,0.3631,4.3,0
28,60416.54,532,45278.19,36,0.1421,1.1,0
46,64122.98,850,13025.34,36,0.16,0.2,0
54,49233.7,720,21311.28,24,0.1196,2.9,0
23,74916.65,656,17963.97,12,0.2786,2.1,0
62,39518.28,686,22782.31,24,0.1359,29.5,0
35,44404.72,702,25779.65,24,0.1748,0.4,0
36,54550.05,805,2000.0,36,0.2051,2.2,0
48,98510.99,706,22460.52,48,0.226,1.2,0
53,65923.53,751,10146.41,24,0.1604,8.1,0
21,60351.45,701,11408.64,12,0.0883,13.0,0
53,62903.72,780,15032.39,24,0.1811,5.0,0
34,103713.34,667,22595.99,36,0.05,0.4,0
45,86767.73,634,16347.31,48,0.1219,8.7,1
23,63078.75,454,13360.59,12,0.3634,0.4,0
30,81505.53,758,21944.61,60,0.1665,11.5,0
52,74032.36,714,30517.26,48,0.2426,5.2,0
25,43473.96,693,2000.0,24,0.1389,4.3,0
54,52605.43,684,31264.95,12,0.0548,3.4,1
54,65100.76,751,2000.0,36,0.1517,3.4,0
49,88333.03,763,22133.75,24,0.05,1.3,1
51,38491.42,610,23434.8,36,0.0741,0.0,0
60,90105.77,645,6632.07,36,0.1639,3.4,1
28,57646.97,652,22521.09,12,0.1706,3.1,0
50,75432.03,675,18157.27,36,0.0524,5.2,1
25,55276.97,767,16406.03,12,0.184,2.0,0
62,81964.59,687,28489.73,48,0.557,6.9,0
24,91177.28,727,10345.33,12,0.2059,10.0,0
50,111684.57,706,32873.35,36,0.1307,9.1,0
61,19418.65,713,5663.01,36,0.131,2.8,0
60,61037.23,767,13047.79,12,0.4258,14.0,1
52,68700.6,699,17758.01,36,0.05,1.8,0
47,75067.69,564,7873.66,24,0.2609,35.0,0
22,70349.07,850,35149.92,60,0.2064,1.8,0
64,45058.92,716,18836.47,36,0.1839,3.0,0
39,38648.33,602,26617.38,36,0.0963,0.8,0
24,79236.16,692,4250.2,36,0.1192,2.4,1
59,43103.65,541,6930.14,36,0.2225,10.8,0
45,50734.9,597,16105.74,24,0.1594,0.3,0
24,58705.28,625,31810.69,60,0.3181,3.2,1
45,92822.45,715,15939.11,36,0.1775,5.3,0
45,93472.08,609,22011.67,36,0.3004,13.5,0
45,75816.71,824,2000.0,60,0.2356,6.6,0
36,66323.18,608,28134.06,36,0.1502,0.9,0
28,62079.83,535,34490.78,60,0.2125,1.1,0
26,50608.39,593,12846.83,24,0.3383,14.3,0
47,69990.02,561,14241.12,36,0.1946,3.6,0
50,77162.13,680,12037.1,36,0.05,0.3,0
27,63475.36,630,17289.28,12,0.1092,12.6,0
25,30530.21,838,16316.05,12,0.1087,1.4,0
47,87197.54,661,31943.98,48,0.2768,0.5,0
37,65620.41,743,24965.72,36,0.05,3.4,0
26,45340.48,662,32591.13,60,0.1013,4.0,0
40,110420.11,591,14626.31,36,0.1636,10.0,0
35,68860.65,772,11335.02,36,0.5368,7.6,0
57,69479.09,667,25895.03,36,0.2192,3.8,0
53,84282.41,487,22267.33,36,0.1032,0.8,0
32,43279.17,557,14259.95,36,0.2431,0.4,0
46,41712.43,699,9131.75,36,0.2615,15.8,0
32,68634.3,570,20867.78,36,0.2315,2.2,0
31,52668.01,808,26398.16,24,0.1664,0.4,0
26,19194.83,669,21640.75,48,0.3777,0.0,0
44,101124.53,697,23244.1,36,0.2054,12.2,1
62,65732.29,655,18515.69,48,0.444,0.4,0
50,58029.16,673,24740.04,24,0.2073,0.8,1
32,103000.69,669,20170.16,12,0.1518,2.2,0
42,55967.63,556,30884.76,36,0.0676,3.6,1
24,67204.24,741,22911.25,24,0.1687,6.2,1
21,72474.59,632,19013.44,60,0.3586,1.3,0
59,70839.23,734,30230.87,36,0.063,8.6,0
40,60994.41,603,24861.44,36,0.1527,12.5,0
53,27936.58,652,9097.76,48,0.2102,4.5,0
52,96176.09,712,41029.15,48,0.05,2.7,1
62,100088.98,640,22643.85,48,0.0508,0.6,0
26,79241.16,768,23523.76,12,0.1896,6.6,0
60,83386.59,634,23774.5,36,0.2657,2.7,0
39,79601.45,836,21111.22,36,0.295,1.1,0
60,88716.07,718,19836.61,24,0.1786,6.2,0
57,68232.16,740,27525.56,36,0.1368,1.0,0
52,75357.39,597,12189.76,60,0.2588,4.7,0
46,76621.79,527,11666.35,48,0.1467,0.3,0
56,18000.0,819,23338.14,36,0.0753,2.2,0
43,58501.32,748,9754.97,12,0.2219,20.8,1
53,49646.78,677,24293.04,24,0.3023,9.0,0
33,109504.31,706,15910.95,60,0.2111,1.9,0
23,102781.28,618,10952.48,36,0.1252,11.1,0
26,83821.88,754,13760.98,36,0.05,6.3,0
23,55752.11,805,21821.16,48,0.0623,13.7,0
52,34829.93,716,2000.0,24,0.3047,6.7,0
40,65240.34,789,18678.44,24,0.1105,14.4,0
30,59814.81,744,14189.94,24,0.3384,9.3,0
28,50334.52,642,24378.2,48,0.253,16.7,0
34,105848.1,604,12736.67,36,0.2895,7.1,0
41,78082.86,638,23859.74,48,0.2263,3.6,0
22,58178.38,734,43142.88,36,0.3193,12.1,0
51,81579.73,720,31527.68,60,0.2505,6.2,0
31,43529.11,572,19252.75,36,0.1507,1.1,1
56,69245.29,743,19374.42,36,0.2679,5.6,0
39,51992.51,649,23860.06,36,0.0858,23.1,0
52,30981.23,679,9319.31,48,0.1489,19.7,0
59,75983.72,581,26816.53,60,0.0742,11.4,1
45,86135.45,681,11867.64,60,0.418,7.3,0
25,90245.86,753,13559.31,12,0.2087,0.6,1
56,71622.79,605,27365.57,12,0.2703,4.6,0
48,52533.0,509,6672.79,36,0.3457,5.2,0
61,85115.38,719,23619.82,36,0.0555,2.2,0
28,42060.99,833,26093.48,36,0.1092,1.4,0
29,31212.61,832,22940.1,24,0.0723,2.3,0
53,43484.44,674,30452.12,48,0.1225,2.3,0
26,38671.57,781,20604.52,24,0.3501,9.4,0
23,42028.9,635,19396.56,36,0.096,1.5,0
33,56223.74,744,31486.91,12,0.1768,2.4,0
57,90890.84,670,23850.09,36,0.0795,6.6,0
22,82572.91,754,19000.38,48,0.2792,4.6,0
29,74436.25,743,16053.22,36,0.2746,0.1,0
37,59734.24,720,15357.04,48,0.1302,2.3,0
57,84997.12,816,18479.7,60,0.2858,0.0,1
41,73317.56,654,24083.9,24,0.2023,19.2,0
22,38731.07,705,20694.68,36,0.1952,7.0,0
44,95322.25,711,18051.74,48,0.261,0.1,0
56,66076.08,697,35610.72,48,0.2218,2.6,0
47,95756.03,560,5014.85,24,0.1445,4.9,1
43,56283.36,683,21996.4,24,0.2329,3.1,0
22,54035.35,572,21165.3,24,0.2316,0.6,0
61,68897.81,627,16148.65,36,0.082,4.7,0
51,83072.0,665,17145.29,48,0.05,0.5,0
43,51053.58,719,10945.03,36,0.05,1.3,0
24,37452.16,715,30185.68,24,0.2656,0.9,1
22,39519.28,785,16738.51,36,0.3781,8.5,0
35,69951.22,769,17753.5,24,0.4059,3.8,0
37,66568.15,746,11679.03,48,0.2578,7.8,0
30,57720.64,546,17603.35,48,0.3894,6.6,0
48,74051.86,620,14348.02,36,0.2069,3.9,1
61,77560.06,728,14976.49,48,0.2106,3.8,0
58,37079.8,398,37812.6,24,0.4396,4.9,0
49,67689.27,706,22879.3,36,0.1357,11.6,0
22,52535.52,692,14199.72,48,0.1309,6.2,1
46,57953.74,577,29893.94,36,0.1221,2.3,0
34,63103.88,684,22878.15,36,0.1738,8.8,1
48,80377.31,605,7254.73,36,0.2606,2.3,0
61,78477.84,515,11512.73,36,0.277,4.6,0
29,57731.56,770,14815.16,48,0.3771,3.8,1
22,93665.68,690,24173.29,24,0.3041,8.4,0
63,58279.95,612,33360.36,12,0.3158,6.3,1
43,48484.56,643,16078.72,12,0.4367,0.0,0
60,50480.52,765,8671.07,24,0.3288,1.2,1
31,97436.14,763,13626.25,36,0.1137,2.1,1
42,53959.2,725,24783.63,36,0.05,2.6,1
50,57413.35,706,18683.67,48,0.096,6.5,0
50,81916.71,633,26211.06,60,0.2443,0.5,0
46,88889.76,653,12037.59,12,0.216,7.4,0
58,69166.93,580,16237.96,60,0.1367,7.5,0
22,50018.66,708,17408.35,48,0.093,7.5,0
48,69868.29,615,24533.01,36,0.3468,2.0,0
24,46081.32,659,19332.93,36,0.1389,3.2,1
52,40361.87,624,13998.73,36,0.0737,5.3,0
56,100879.83,782,13012.65,48,0.1587,0.1,0
41,39089.6,714,29375.09,60,0.0974,8.1,0
64,78400.17,571,21385.54,24,0.3552,0.2,0
44,83271.18,753,19663.47,36,0.4332,3.9,0
52,72960.85,612,14110.43,12,0.5267,1.4,0
64,89366.44,589,6072.7,36,0.1412,1.8,0
59,71501.01,686,22158.98,48,0.05,0.6,0
35,35497.23,737,24848.52,36,0.1552,3.7,0
45,70918.49,805,10044.81,36,0.067,1.0,0
45,48241.9,652,2000.0,36,0.05,0.1,0
40,87365.85,727,19805.45,36,0.0918,8.3,0
39,45357.2,783,29892.41,24,0.2151,0.5,0
62,99445.17,762,30643.84,48,0.1649,7.9,1
39,66271.04,793,18269.71,24,0.205,3.5,0
26,59786.7,629,21245.23,36,0.2923,6.3,0
45,68050.36,693,37045.9,36,0.2771,2.6,0
44,67461.73,710,32566.36,12,0.2874,12.0,0
60,69452.59,706,30793.64,36,0.4084,3.1,0
40,45453.81,582,33081.58,24,0.1691,2.7,0
64,43002.68,802,30360.11,24,0.3334,10.0,0
52,81767.34,709,7469.67,60,0.3123,2.8,0
43,70624.06,676,9984.38,36,0.1475,6.5,0
63,80301.51,796,19947.38,12,0.1706,0.3,0
34,63771.41,707,29614.84,36,0.2689,20.2,0
51,73620.56,729,26381.36,36,0.2002,1.3,0
63,70173.75,609,17448.51,24,0.2587,3.6,0
38,70409.73,805,25292.96,24,0.2454,15.6,0
63,53792.13,685,11597.41,48,0.1976,1.6,0
38,53121.35,674,12175.56,24,0.217,1.6,0
57,62000.56,761,24091.72,60,0.2571,9.6,0
41,54350.75,517,21802.22,36,0.074,5.6,0
50,68102.16,612,11567.69,36,0.4489,0.7,0
42,74625.27,636,15581.95,48,0.1387,2.7,0
58,74095.58,756,21300.37,24,0.4042,5.7,1
62,60233.66,753,12150.66,48,0.2598,8.9,0
37,57091.25,546,22405.88,48,0.2999,10.8,0
40,78383.55,691,19520.63,24,0.1551,0.9,0
47,36846.2,691,28597.57,48,0.2694,2.9,0
42,51542.61,635,26007.63,24,0.3314,4.3,1
63,43901.47,558,23796.24,36,0.2824,3.2,0
43,22017.02,666,26059.46,12,0.344,0.8,0
62,58575.85,722,2000.0,36,0.0604,0.6,0
58,66711.49,591,17759.09,24,0.2386,4.4,1
25,62830.41,701,23951.69,24,0.0977,8.1,0
43,57089.46,560,31635.5,12,0.2158,2.4,0
64,54831.8,641,10142.87,24,0.1299,2.4,0
44,27612.78,632,15280.24,12,0.1705,6.9,0
26,27851.57,520,17009.94,12,0.2383,6.2,0
22,65355.78,678,32233.27,36,0.3127,0.7,0
56,55819.57,698,25001.74,24,0.1852,1.8,0
48,57019.36,811,14001.11,48,0.074,8.7,0
22,95611.31,744,26369.67,36,0.4138,1.9,0
52,61873.55,682,24992.34,60,0.2876,1.2,0
40,72149.66,606,15102.36,12,0.1362,1.6,0
21,49721.38,724,14080.75,24,0.2428,2.5,0
50,73539.37,620,17588.97,24,0.0747,0.1,0
31,18000.0,722,16360.68,36,0.1704,5.7,0
50,64961.9,656,23841.63,12,0.1797,0.4,0
50,59458.68,579,28050.98,24,0.1643,2.9,0
34,89329.91,655,13513.46,12,0.1821,7.2,0
45,72228.9,765,25580.95,36,0.157,3.5,1
29,58425.95,691,25707.1,48,0.2323,0.4,0
52,47624.96,671,29279.53,48,0.0894,6.6,1
28,75827.9,809,13477.12,36,0.3162,1.3,0
59,58349.48,519,7710.12,36,0.2054,4.1,0
41,68114.12,731,21959.52,36,0.3116,0.9,0
49,53097.46,649,28112.79,24,0.1071,5.2,0
43,31774.93,751,23672.32,24,0.0554,1.4,0
61,66726.76,666,25012.2,36,0.1633,2.2,0
43,41562.61,594,29515.01,48,0.2366,5.3,0
53,69784.19,644,29604.27,36,0.2303,3.4,0
60,52141.33,610,2022.89,48,0.0976,0.2,1
60,68163.34,763,25412.98,48,0.1878,4.4,1
57,77961.91,640,19784.94,36,0.4321,1.9,1
24,64363.16,712,23154.05,60,0.2525,5.5,0
35,82894.96,658,26851.25,24,0.05,8.6,0
54,89855.66,761,21646.43,24,0.2483,5.8,0
64,50636.48,649,6463.7,36,0.1663,4.5,0
46,62354.05,532,21770.71,48,0.1539,2.2,0
62,59211.7,715,28020.31,36,0.1475,9.3,0
34,66211.2,666,12646.67,36,0.0973,1.0,1
32,53667.9,718,42135.16,36,0.0907,2.7,0
43,40677.14,641,30621.82,12,0.3521,9.0,1
48,87413.87,666,20906.62,48,0.3029,5.5,0
55,47500.16,730,9824.32,36,0.4445,0.1,0
57,46244.07,675,10871.69,60,0.0588,1.3,0
32,53118.54,615,18723.93,12,0.0738,5.3,0
50,59663.54,774,20781.42,36,0.3408,3.2,0
24,70155.55,683,8263.68,24,0.2291,10.3,0
26,82459.39,667,26964.43,60,0.1985,5.7,0
48,80040.79,823,7444.01,12,0.208,2.8,0
23,56404.48,779,13108.0,24,0.2351,10.3,0
42,86275.44,588,12163.42,12,0.1285,3.7,0
63,90503.15,782,22824.18,36,0.2376,20.7,0
53,41094.25,769,2000.0,48,0.1654,2.1,0
36,60515.89,676,33173.14,48,0.0836,24.2,0
30,65428.07,540,25956.76,48,0.2827,2.0,0
42,51629.72,704,23932.4,36,0.4786,1.4,0
27,79179.14,591,22484.47,36,0.3505,1.7,0
38,83388.06,692,17621.11,48,0.5438,0.4,0
27,77664.95,588,2000.0,60,0.1274,7.7,0
33,29833.09,610,8629.36,60,0.1415,10.7,1
60,83198.73,708,20929.5,36,0.3157,3.1,0
52,58670.09,782,16112.65,48,0.229,7.9,0
21,105543.87,698,43913.68,36,0.147,1.3,1
59,89457.37,698,14033.05,60,0.2733,4.0,0
28,46798.81,598,26431.87,24,0.05,0.4,0
45,75185.17,731,15632.71,12,0.1699,5.7,0
55,55927.54,621,20174.02,12,0.1086,6.9,0
43,123636.33,691,23426.98,48,0.2226,2.9,1
33,57818.01,664,40815.77,36,0.2944,1.2,0
39,69301.2,735,6177.35,36,0.1834,1.0,1
48,68325.95,703,17394.58,36,0.189,11.6,1
53,34931.9,628,24107.67,60,0.1833,3.1,0
33,53065.02,646,11162.09,12,0.0988,8.3,0
28,66212.12,634,20547.81,48,0.23,4.2,1
39,95649.71,629,7594.81,12,0.3643,17.6,0
57,55246.94,653,30775.05,36,0.05,5.7,0
60,56707.97,717,24382.32,36,0.1841,13.6,0
31,48366.0,792,7341.31,36,0.2627,2.6,0
43,44770.51,709,44323.5,24,0.067,0.4,0
64,67924.21,667,2000.0,36,0.2236,6.9,0
58,73852.78,768,10283.53,60,0.4204,6.4,0
39,87980.35,562,19093.89,60,0.297,0.3,1
22,145469.44,626,6544.21,36,0.2849,3.2,0
43,86614.88,606,30476.22,24,0.1324,2.1,0
44,54367.01,719,8156.63,48,0.1639,6.7,0
29,66856.38,823,26295.75,12,0.1155,8.8,0
37,32301.8,657,7934.17,48,0.2427,12.2,0
25,73756.91,749,21601.79,36,0.1424,3.4,0
46,81839.88,639,27057.62,36,0.2892,0.3,0
61,52985.84,676,29483.26,48,0.1537,3.6,0
32,76201.1,672,24174.02,60,0.1368,2.5,0
60,119768.14,601,2826.99,36,0.5651,6.1,0
61,80185.86,646,13551.13,48,0.1652,0.9,0
42,61608.28,719,19547.44,48,0.181,19.1,0
50,96687.08,704,14807.94,24,0.2064,3.2,0
43,106383.2,610,16292.94,36,0.2026,3.6,0
54,87767.0,713,16353.17,48,0.1701,4.6,0
55,78827.39,674,23816.09,36,0.1317,7.5,0
21,74195.66,696,25623.68,36,0.1123,3.2,0
36,74545.48,679,32295.47,24,0.1446,3.7,0
26,59827.22,732,22898.72,24,0.1901,5.9,0
31,55780.29,556,27582.69,36,0.3341,3.7,0
57,70664.55,755,2000.0,36,0.1234,4.9,0
38,89896.04,619,21375.56,24,0.2254,1.3,0
28,77646.89,601,12465.66,24,0.2588,1.8,0
23,33002.09,740,17777.41,24,0.1383,0.5,0
42,27582.31,560,33414.96,48,0.3107,13.7,0
39,59240.69,666,8834.85,36,0.3309,1.2,0
36,78469.12,772,23352.75,36,0.1767,11.3,1
30,36596.97,666,20627.6,48,0.2792,7.4,0
34,71954.04,642,15993.18,24,0.1491,0.0,0
37,72326.27,683,17392.88,36,0.1486,15.0,0
61,57013.1,724,16188.04,24,0.3163,4.1,1
55,66931.15,605,24350.09,48,0.0999,14.2,0
24,59797.27,801,21418.71,48,0.1671,1.1,0
53,77082.73,786,24057.41,36,0.0824,3.3,1
29,51472.12,601,12174.3,36,0.1251,7.2,0
33,90393.06,614,30802.86,24,0.2186,3.4,0
52,50515.79,682,28263.63,36,0.1352,3.3,0
48,62737.87,691,24312.56,36,0.1655,0.7,1
41,113972.42,627,34946.2,36,0.1435,1.5,0
48,56300.18,658,26892.3,12,0.1825,1.2,1
50,92416.55,686,19256.39,12,0.0615,3.7,0
61,91854.1,764,28257.76,36,0.273,1.2,1
44,95740.47,550,10290.19,36,0.4142,0.9,0
40,68951.83,655,19638.58,36,0.0971,1.4,0
47,54455.66,639,26055.93,36,0.1233,1.8,0
30,50627.49,743,32247.33,48,0.173,2.7,0
45,18000.0,639,21802.51,48,0.2348,3.3,0
50,58021.38,610,25931.07,12,0.2857,3.8,0
33,75561.11,780,17411.96,12,0.0693,1.5,0
57,71642.2,631,22574.62,36,0.3086,14.3,0
28,57530.92,524,26980.61,36,0.3459,3.3,1
48,64493.51,722,25665.61,48,0.3448,4.0,0
55,108445.62,556,24334.34,48,0.2526,9.1,0
61,28303.94,765,7636.01,36,0.2398,0.0,0
39,63176.95,728,21516.31,60,0.05,7.3,1
56,79685.49,817,24245.85,60,0.3483,0.6,0
52,67187.94,826,12434.23,48,0.2732,7.2,0
40,70412.35,658,18585.8,48,0.3434,6.4,0
40,57798.96,638,23566.58,36,0.1893,2.3,0
60,78568.4,591,21368.24,36,0.0692,0.4,0
51,46534.95,721,25302.64,12,0.1019,0.3,0
44,47169.05,802,19762.21,60,0.2481,0.9,0
26,64431.93,713,26227.41,24,0.0757,4.6,0
31,50424.03,620,21308.61,48,0.1285,8.6,0
29,82778.43,836,23581.91,12,0.3335,2.0,0
59,67983.9,639,25508.35,36,0.1667,1.5,0
47,99733.24,712,15890.17,36,0.05,1.8,0
52,78897.48,656,10062.75,36,0.2071,2.4,0
43,37875.4,617,23415.59,48,0.0991,5.9,1
35,60588.55,696,18634.07,48,0.0895,2.2,0
49,70462.34,685,28037.85,36,0.2933,4.3,0
35,80456.12,773,2000.0,48,0.1076,0.2,0
41,82484.26,725,35622.93,48,0.05,12.0,0
37,82198.98,544,12322.23,60,0.1427,0.8,0
48,73357.62,709,33996.23,60,0.0565,3.1,1
24,66035.58,823,14227.86,48,0.0732,4.7,1
33,100880.31,711,12999.2,48,0.1825,4.3,0
21,40478.24,700,28191.68,36,0.05,3.8,0
57,86947.63,590,12791.05,12,0.0624,0.3,1
54,64987.76,607,10342.47,48,0.3536,4.8,0
41,73018.0,695,22448.63,36,0.0917,3.0,0
36,81958.64,580,38961.83,36,0.1584,0.1,0
64,75794.57,680,19246.88,24,0.05,4.5,0
62,60235.13,583,12024.82,24,0.0939,10.0,1
42,57932.2,535,6878.3,36,0.112,2.3,0
38,64182.34,785,15739.17,12,0.05,1.7,0
57,52260.39,700,11997.55,36,0.2284,6.1,0
28,37849.34,776,32662.73,60,0.05,4.6,0
35,90698.45,565,27416.56,36,0.3181,1.8,1
62,97800.61,580,18040.31,48,0.1324,0.0,0
32,64765.09,700,33958.97,48,0.1725,10.2,1
33,74440.92,717,15800.45,60,0.1901,13.3,1
22,98692.62,634,4279.73,12,0.105,4.7,0
41,80874.88,692,21095.15,24,0.1804,0.0,0
48,49797.69,699,19684.61,36,0.2006,2.1,1
48,47375.95,585,23672.72,24,0.3134,3.0,0
58,84630.31,568,43939.96,24,0.2591,2.1,0
54,37459.45,603,27043.85,12,0.0854,2.4,0
51,53669.82,710,20240.95,24,0.2261,1.9,0
46,63431.31,790,25918.74,12,0.3888,4.0,0
21,61313.74,537,13631.81,12,0.2724,3.9,0
47,36930.74,658,31021.26,48,0.1954,13.2,0
54,90160.87,627,22969.94,36,0.4251,10.9,0
46,52705.21,662,22857.86,36,0.2502,0.6,0
26,41861.49,621,11129.79,48,0.2732,1.8,0
36,86195.93,724,16670.37,24,0.1826,2.0,0
52,93384.7,753,8488.23,48,0.176,5.3,0
64,97464.73,720,19831.89,36,0.1691,3.0,0
37,42191.91,670,7521.13,36,0.3908,3.7,0
53,76145.29,727,24686.81,36,0.2687,5.4,0
59,56249.24,715,16996.4,12,0.2874,9.2,0
31,57459.31,779,25645.86,48,0.2193,1.2,0
38,23918.42,740,29794.97,36,0.2692,6.2,0
37,47618.33,690,2000.0,24,0.1848,2.7,0
38,51271.4,606,13087.92,36,0.2398,0.6,0
44,77757.07,679,12998.27,60,0.2509,3.8,0
28,86736.64,742,2000.0,36,0.3347,7.3,0
40,63506.94,724,31739.95,24,0.0749,4.9,0
42,88951.32,637,28067.49,36,0.2784,0.6,0
26,94228.75,746,2507.09,24,0.3488,0.6,0
53,97805.7,752,14872.69,24,0.1094,2.7,0
28,87691.47,599,10585.24,48,0.2335,1.3,0
64,96234.95,850,26532.68,12,0.0859,4.5,0
27,76430.02,631,8386.25,36,0.343,2.8,0
39,64912.41,773,35639.05,60,0.1913,1.3,0
22,29662.77,630,10237.51,36,0.328,1.8,0
23,59541.04,691,26359.18,24,0.1565,0.8,0
56,67844.99,620,20223.33,48,0.1838,7.6,0
32,47667.88,676,7489.92,48,0.1424,4.1,0
56,87463.07,690,30415.57,36,0.1466,4.9,0
27,18000.0,615,37083.63,36,0.1486,1.6,0
26,85039.0,671,17628.06,48,0.2656,7.0,0
46,61823.36,565,13032.0,12,0.1282,6.7,0
26,91799.27,850,23802.91,24,0.1395,2.0,0
29,75278.5,699,16047.17,36,0.1395,3.3,0
34,69835.53,557,9687.22,36,0.2802,5.8,1
48,35391.7,711,30831.4,36,0.4246,0.1,1
31,81730.8,736,8848.34,36,0.1642,7.7,1
41,88050.73,581,11525.8,48,0.05,25.2,0
34,39954.82,528,32400.76,48,0.4725,16.8,1
24,46759.59,738,14608.51,36,0.343,0.5,0
31,81751.22,802,20644.79,60,0.1649,3.4,0
36,77635.88,667,11637.27,24,0.0982,3.8,0
24,100037.56,593,15968.53,24,0.2284,0.8,0
55,80489.66,750,7882.38,48,0.3654,2.1,0
37,62566.0,544,2000.0,36,0.0757,2.7,0
22,56674.0,601,20696.73,48,0.3711,4.1,0
53,56964.03,688,13718.21,36,0.1993,1.7,0
33,43765.56,666,15442.68,12,0.3046,3.3,0
29,55687.57,682,25087.09,24,0.2612,2.8,0
57,51746.78,645,24891.73,48,0.3365,6.5,1
32,91739.52,704,16395.53,48,0.3067,4.3,0
22,71087.5,693,30686.25,36,0.3289,3.1,0
29,53065.54,573,25306.21,36,0.1424,4.0,0
22,18000.0,669,14598.45,12,0.1765,4.9,0
50,49721.26,726,12942.45,36,0.1653,5.3,0
46,54357.0,762,31426.71,24,0.1246,4.6,1
52,55086.33,802,15654.82,36,0.2865,4.3,0
45,39955.61,592,14510.38,24,0.2748,4.9,0
40,57886.74,676,14215.03,48,0.4012,6.5,0
22,64324.13,591,15506.38,36,0.144,10.1,0
57,58438.29,682,14887.99,36,0.2502,8.3,0
36,18000.0,647,21083.24,36,0.3229,22.2,0
37,61133.16,668,26517.23,36,0.0955,3.8,0
57,92306.34,606,18116.41,48,0.2177,7.6,0
56,117391.8,743,18840.42,36,0.1322,4.4,0
55,92299.35,630,14498.73,24,0.198,3.3,0
30,59029.92,670,18214.84,24,0.3844,5.3,0
24,127499.5,690,27060.23,24,0.1628,1.3,0
33,91273.1,642,8336.02,60,0.1015,3.4,0
48,68119.28,581,16522.76,24,0.1892,4.5,0
50,63398.44,657,10516.76,48,0.11,1.3,0
29,81067.57,762,22394.4,12,0.337,4.2,0
64,69170.4,690,16301.43,24,0.187,8.5,0
61,72517.41,782,18061.75,60,0.1592,6.5,0
56,54988.97,722,15415.33,48,0.4039,2.8,1
45,87538.98,695,19253.76,24,0.2035,17.5,0
61,64388.28,711,14099.76,36,0.0965,1.1,0
39,96073.84,621,24742.52,48,0.2284,0.9,0
25,70826.59,643,10075.58,24,0.1428,7.1,0
52,89766.95,712,25154.83,36,0.1036,1.5,0
52,60414.29,595,19037.89,12,0.1049,9.8,0
48,41543.23,683,16699.33,36,0.2624,3.9,0
55,106236.28,850,16949.75,60,0.1493,0.9,0
25,30043.16,788,31142.07,36,0.1985,1.6,0
28,103030.99,677,28329.25,24,0.05,1.8,0
54,47362.49,754,33826.23,24,0.0583,0.3,0
58,54919.15,631,30076.34,24,0.2598,6.6,0
52,72521.91,688,2000.0,24,0.0836,2.5,0
22,70786.89,730,14119.46,36,0.3811,6.0,0
25,42983.74,530,24510.43,36,0.2511,4.7,0
50,57466.57,743,42825.42,36,0.0845,0.8,0
64,42771.2,695,10366.88,36,0.1135,20.9,0
54,64160.9,424,24133.58,24,0.0634,3.2,0
36,69601.89,765,14643.75,48,0.1963,6.6,0
26,50402.35,817,16316.88,12,0.1627,0.1,0
48,73085.67,569,18818.76,36,0.1797,5.3,0
33,78242.03,601,27479.99,60,0.1883,1.9,1
56,66581.01,643,9034.01,36,0.235,6.8,0
28,83990.82,693,23528.39,12,0.1827,0.3,0
52,87520.01,658,28453.51,36,0.0724,21.6,0
40,23126.95,717,26775.62,48,0.1878,11.7,0
52,59247.76,556,30169.75,48,0.4233,1.2,0
62,71402.97,693,8761.31,36,0.3435,8.8,1
58,18000.0,753,17243.65,36,0.1458,1.5,0
25,111201.06,698,24558.43,36,0.1983,4.1,0
56,70596.84,621,27299.07,24,0.1007,1.0,0
39,62636.12,689,15812.28,24,0.1464,12.2,1
59,49760.56,575,15871.51,60,0.1975,0.3,0
56,64340.77,693,8782.81,24,0.5113,0.7,0
35,66603.39,587,23880.32,60,0.2271,7.4,0
51,51912.79,681,19194.0,60,0.1012,2.6,0
48,44665.57,527,25248.32,36,0.3532,2.1,0
57,32190.96,600,21059.24,24,0.0579,2.0,0
56,42618.63,515,32825.24,36,0.4363,2.3,0
40,77687.18,712,22475.52,48,0.1742,18.8,1
32,70896.7,668,15627.51,36,0.0836,1.2,1
52,69189.36,628,2779.13,60,0.3925,2.1,0
43,61077.18,656,30973.37,60,0.0993,4.1,0
40,72048.11,811,28480.71,36,0.4131,2.4,0
43,62291.58,702,21910.1,36,0.2082,2.0,0
29,61518.19,655,28779.19,36,0.1385,13.3,0
29,38129.84,737,21063.16,12,0.3485,3.5,0
53,18425.82,761,18938.65,12,0.1212,6.3,0
24,82644.73,659,33906.14,48,0.2055,0.4,0
54,81642.98,620,19238.41,36,0.2136,4.5,0
38,62167.82,641,35064.6,48,0.0612,4.4,0
38,56448.24,850,23974.41,60,0.05,5.3,0
23,66142.46,637,19870.06,24,0.2046,4.8,0
56,93416.92,664,10468.25,48,0.2272,3.8,0
64,37561.7,628,32771.12,60,0.2054,5.8,1
44,52264.18,803,8210.9,36,0.2252,2.2,0
35,49150.87,574,19001.66,36,0.05,6.3,0
41,86734.02,740,25720.4,36,0.2279,2.1,0
43,74173.39,722,25210.27,24,0.2972,3.7,0
28,72603.69,656,29359.3,36,0.4115,6.7,0
24,64455.82,618,7078.54,36,0.194,0.7,0
32,28372.37,718,10927.08,24,0.1119,0.4,0
34,75200.91,712,23803.04,60,0.0525,3.2,0
41,87722.88,701,12868.73,36,0.138,0.3,0
58,104608.82,619,25033.19,48,0.4815,4.6,1
51,77456.99,746,10294.42,36,0.126,7.9,0
55,84369.9,714,30366.42,24,0.2491,3.1,1
33,72404.91,663,38404.69,60,0.4675,2.2,0
36,63278.75,821,35008.55,36,0.1325,8.5,0
27,77475.52,712,2000.0,36,0.0717,4.9,0
55,31671.67,636,4571.74,36,0.1059,4.9,0
54,70560.48,620,14501.19,48,0.1748,1.0,0
32,58860.41,659,17978.49,36,0.0934,4.5,0
32,28039.9,584,18264.09,24,0.1338,4.1,1
53,98874.3,727,24202.11,36,0.1227,12.5,0
56,44081.03,688,24737.36,24,0.0531,4.1,0
61,92708.55,725,30126.46,36,0.1151,8.3,0
52,59056.11,563,11742.27,24,0.2571,1.9,0
56,29141.99,595,18539.6,24,0.1222,0.4,0
52,70070.93,601,26598.96,36,0.05,9.2,0
53,90421.65,584,14463.99,36,0.2869,3.5,0
54,71067.87,639,35984.34,36,0.1684,0.5,0
31,26626.67,648,24640.07,48,0.3928,5.2,0
52,37106.22,673,28702.19,48,0.2302,0.1,0
44,80866.98,552,18960.0,36,0.1215,8.9,0
62,60216.84,596,9633.15,36,0.2099,5.4,0
40,49958.65,720,16732.48,36,0.2875,10.7,0
44,93661.6,719,9402.69,60,0.1412,2.2,0
44,114517.05,755,15106.67,36,0.2297,8.6,1
47,87796.21,707,18504.73,24,0.1654,4.5,0
41,45270.97,713,7283.9,36,0.1928,6.1,0
25,110391.43,806,12708.07,36,0.1845,7.0,0
45,91780.05,765,17690.44,12,0.3278,2.5,0
42,76887.09,451,10493.27,24,0.1208,4.1,1
41,62672.67,798,11828.9,36,0.0899,0.4,0
55,34948.45,612,24033.46,36,0.0899,5.8,0
37,58379.36,765,24971.07,36,0.1388,8.1,0
52,62494.62,548,12508.32,60,0.108,0.1,1
59,70941.29,775,18955.59,48,0.3529,0.9,0
25,71920.74,627,7765.11,36,0.1865,3.9,0
48,66346.67,622,11731.02,48,0.3698,4.1,0
54,86370.65,684,20700.79,48,0.1131,6.9,0
49,74833.55,635,24720.94,12,0.1359,2.8,1
24,62514.14,745,13679.42,24,0.2454,0.8,0
46,59483.47,800,21966.28,36,0.1684,0.5,0
52,42347.34,712,23869.06,36,0.1001,2.2,0
47,41578.08,618,20144.92,24,0.3199,2.8,0
57,88259.16,755,25872.25,48,0.124,2.7,0
27,50724.79,659,18946.87,36,0.4091,4.2,0
30,65626.25,734,27579.38,12,0.301,0.4,1
59,72977.42,757,25595.82,36,0.3872,7.0,1
55,51985.96,685,22391.15,36,0.2747,6.3,0
26,60084.26,712,24695.57,12,0.2468,1.1,0
30,89556.14,639,27987.77,24,0.0862,7.3,0
59,67415.95,799,17506.34,24,0.1451,3.5,0
37,18000.0,800,18359.67,48,0.0967,1.1,0
46,108794.87,648,20097.58,36,0.4129,18.1,0
61,96243.89,623,23938.52,24,0.0944,1.9,0
29,39238.62,579,29281.76,36,0.2219,2.6,0
56,79099.92,791,17910.95,36,0.0772,1.5,0
41,66468.77,691,19662.96,12,0.0869,5.1,0
54,36783.29,732,20263.72,36,0.3184,3.9,0
49,44130.76,615,30283.86,48,0.05,0.4,0
55,80855.17,734,21595.85,48,0.0765,3.7,1
28,59467.24,634,17376.05,60,0.0589,8.9,0
38,56363.64,669,2000.0,24,0.2832,4.0,0
31,93302.61,586,17395.1,36,0.1415,1.5,0
49,106112.38,682,31364.34,48,0.2215,0.8,0
23,63272.66,719,27561.36,36,0.3929,2.9,0
43,50949.75,567,25923.41,48,0.2274,12.7,0
36,48836.53,700,26050.6,36,0.0512,8.8,0
42,68514.35,800,7955.59,48,0.423,10.1,0
63,77447.02,730,29671.47,24,0.1578,1.0,0
44,50440.4,736,31964.17,48,0.05,0.9,0
44,42805.19,489,27805.68,36,0.1292,1.3,0
25,28810.19,647,25850.78,60,0.1777,0.3,0
31,73897.93,672,14122.87,48,0.1781,2.1,0
37,43359.13,560,29818.85,36,0.3621,2.0,0
24,64347.15,714,23488.69,24,0.3396,5.0,0
35,46199.01,696,18766.06,36,0.1962,13.1,0
37,65004.87,595,20008.73,24,0.1252,13.4,0
62,57499.83,639,10123.47,48,0.0663,1.7,0
46,57280.53,671,22451.87,36,0.1357,0.6,0
50,61288.11,618,11007.09,24,0.2407,3.1,0
64,100876.17,776,22294.3,24,0.3554,1.1,0
26,56358.35,486,17473.86,36,0.1021,0.4,1
56,28397.8,798,12909.93,36,0.08,17.1,0
25,105631.05,713,26881.21,36,0.0643,3.4,0
47,18134.86,537,15413.65,36,0.349,12.9,0
39,77513.93,577,2000.0,36,0.4908,5.1,0
22,61187.86,726,22538.72,36,0.1011,1.2,1
54,74243.37,680,13467.6,24,0.2383,2.2,0
58,76854.29,744,20484.97,36,0.1184,7.4,0
39,84426.81,522,33172.2,60,0.1201,3.2,0
58,27983.09,607,16413.09,36,0.2843,4.9,0
25,109447.91,638,2296.04,48,0.3053,3.1,1
32,63366.57,711,5385.44,24,0.2266,0.9,1
32,47618.66,558,19913.17,24,0.208,7.0,0
40,53955.12,612,25882.07,36,0.0502,3.6,0
60,63621.32,707,23417.36,48,0.3641,3.3,0
60,74225.4,595,15040.91,60,0.0637,20.6,0
46,46528.35,618,25820.67,48,0.0646,4.3,0
46,73870.21,659,14722.02,60,0.1395,10.4,0
61,26514.22,703,22977.04,48,0.1553,5.3,0
30,78414.14,724,27469.09,12,0.1863,4.2,0
54,51184.38,656,2000.0,48,0.0561,4.9,0
46,63165.34,688,12561.08,48,0.1436,12.4,0
44,72443.15,574,29103.32,36,0.2725,0.9,0
42,106262.57,637,19366.12,48,0.2141,8.7,0
47,38644.27,546,24087.01,60,0.0657,1.4,0
31,80877.32,572,10998.28,60,0.413,19.7,0
33,57266.74,723,25163.7,48,0.1565,0.9,0
32,51432.5,578,22264.94,48,0.118,2.6,0
23,108321.46,745,24005.16,36,0.05,0.7,0
40,38371.16,677,37636.19,36,0.413,2.8,0
56,100017.97,727,32760.85,24,0.1919,7.3,0
27,59994.09,728,25918.01,36,0.204,1.6,0
59,45436.64,727,26830.1,12,0.364,2.8,0
28,56922.51,659,10389.6,36,0.3823,17.9,0
61,56629.17,694,16089.83,48,0.2169,8.3,0
22,87613.41,584,24596.6,60,0.0898,1.3,0
57,50518.28,773,5865.61,36,0.2423,3.6,0
24,68130.64,510,18036.22,36,0.05,0.6,0
36,120065.18,685,12190.41,48,0.1056,0.1,1
54,52499.48,850,2510.22,48,0.2962,13.0,1
31,83666.77,609,27830.96,24,0.4473,1.0,0
30,97080.5,722,12182.68,24,0.2167,10.6,0
41,61874.02,648,17004.35,24,0.3476,1.3,0
22,90925.47,687,6536.31,48,0.3941,3.1,0
53,73356.44,657,19256.77,48,0.4513,0.4,1
25,49028.05,757,10562.77,36,0.2677,1.1,1
47,58586.53,586,36167.88,12,0.5343,14.3,0
42,79567.63,631,23350.83,36,0.123,4.2,0
38,57732.56,683,3345.56,36,0.0583,9.3,0
48,60946.76,752,10190.4,36,0.2353,2.8,0
62,143223.58,804,26125.07,36,0.05,1.3,0
41,88588.78,614,17984.67,12,0.129,1.9,0
44,47441.64,595,27814.77,36,0.1692,1.4,0
23,32684.91,712,15176.56,48,0.1523,4.8,0
61,79545.5,744,26791.24,36,0.1593,2.7,0
62,88050.75,696,15127.51,36,0.3016,19.0,0
58,38000.37,653,9380.47,24,0.1989,4.2,1
23,54734.2,631,22711.96,36,0.2808,5.2,0
54,68816.71,763,3544.38,60,0.0984,4.6,1
55,33462.43,629,31645.11,48,0.1468,8.6,0
32,73577.33,728,34207.08,36,0.2094,16.5,0
33,99937.34,581,2487.57,48,0.131,3.0,0
44,49724.99,651,22164.3,24,0.2626,2.0,0
58,58923.2,782,14111.34,12,0.0951,9.3,1
40,95619.73,649,19507.1,48,0.1155,6.8,0
59,94556.78,705,15824.11,36,0.2249,14.7,0
59,35942.53,544,20828.68,48,0.0785,1.5,0
44,58319.95,565,15499.08,36,0.1042,0.6,0
28,69291.62,606,23054.12,36,0.2841,6.4,0
37,53430.59,612,30590.05,24,0.3337,4.4,0
56,51898.54,679,4152.55,36,0.0677,4.5,0
43,58710.68,579,25486.33,12,0.3213,10.1,0
40,62320.99,680,13834.93,24,0.05,2.5,0
55,97873.53,730,23543.5,12,0.352,9.4,1
30,47946.33,692,11947.74,36,0.0861,5.6,0
56,57735.09,754,4615.89,24,0.3734,4.4,0
56,50493.64,612,22967.96,36,0.052,2.9,0
37,48053.66,615,15632.2,48,0.4202,1.0,0
26,32317.33,701,21028.49,36,0.0832,2.5,0
42,66529.34,665,28617.62,12,0.05,0.7,1
33,40851.82,813,18003.15,36,0.2725,0.0,0
53,105860.96,606,30774.34,36,0.07,4.7,0
24,74695.37,644,24465.35,60,0.2941,3.2,0
54,61871.92,811,22660.55,36,0.056,5.4,0
61,90850.52,610,22832.11,12,0.2229,0.3,0
47,67465.46,793,12009.48,48,0.2328,1.0,0
24,68998.82,751,37314.56,24,0.05,5.6,1
43,78967.88,571,11573.8,48,0.05,10.5,0
26,53764.7,750,34406.26,12,0.1117,7.4,0
39,39741.46,755,27916.2,36,0.3851,0.8,0
57,63621.98,640,14985.11,24,0.1862,0.4,0
34,62287.23,788,13151.23,36,0.4636,1.6,0
59,56047.83,785,16668.02,48,0.1076,1.6,0
58,69952.28,626,14949.96,48,0.1337,1.7,0
40,72208.41,662,12660.18,48,0.0669,4.0,0
25,43537.98,696,31168.0,36,0.3169,1.9,0
32,50903.9,671,19327.24,24,0.0744,2.8,0
49,52348.07,770,14501.26,24,0.2298,6.2,0
60,33086.32,636,36942.64,36,0.1568,2.5,0
46,52778.07,695,4038.78,48,0.0811,4.2,1
61,58620.15,730,22223.7,12,0.0993,3.7,0
40,31710.95,576,17610.39,48,0.3482,2.3,0
28,33823.56,568,8688.91,48,0.1534,11.5,0
44,46550.95,658,8027.54,12,0.3086,0.8,1
34,81007.5,754,13488.12,36,0.05,2.2,0
37,74265.81,686,28806.1,48,0.1372,12.3,0
24,48006.66,690,18674.91,48,0.05,4.9,0
49,50573.2,717,21129.19,36,0.4379,9.8,0
33,41881.93,480,24338.84,36,0.2027,5.1,0
55,42990.92,711,22807.91,48,0.2132,18.7,0
56,99758.68,561,18146.51,36,0.3842,2.8,0
32,33475.34,634,24651.35,36,0.2396,16.5,1
32,68226.11,797,14400.1,48,0.0755,2.7,0
25,52278.14,554,14250.38,36,0.3598,8.7,0
64,107265.69,754,12045.53,36,0.1798,0.2,0
51,55252.83,539,20217.97,48,0.05,1.8,0
44,66028.58,837,25108.22,24,0.3531,1.3,0
52,50173.66,810,15851.23,36,0.2263,0.5,0
53,85646.5,626,2000.0,24,0.3294,4.6,0
35,120797.09,738,23248.32,24,0.0671,0.1,0
60,66325.67,778,20255.76,24,0.2973,6.2,0
23,51454.87,655,16325.8,36,0.2073,16.6,0
41,47338.33,663,25899.34,48,0.2655,6.9,0
60,93998.32,760,16301.15,48,0.3518,10.8,0
46,72682.77,613,22632.72,36,0.3453,1.4,0
25,41392.28,737,19803.05,36,0.3395,2.7,1
27,29125.0,571,14513.13,48,0.213,2.7,0
24,39927.98,739,17237.34,36,0.1013,0.2,0
61,75659.45,619,21100.25,24,0.1894,1.2,1
27,59324.24,588,7124.19,12,0.4655,0.7,0
49,41461.63,721,20990.62,12,0.4406,5.9,0
62,82647.62,509,26555.06,48,0.0695,2.5,0
56,45287.31,629,24980.06,60,0.1102,16.3,0
40,72062.59,728,31684.73,36,0.05,5.6,1
53,45072.19,704,17026.4,36,0.2739,1.9,1
62,89243.05,634,18242.95,36,0.3535,12.9,0
53,55308.0,785,10342.11,48,0.1033,8.8,1
32,105239.34,795,13429.59,36,0.1092,2.2,0
36,71985.63,709,23035.61,60,0.0983,8.9,1
47,72959.29,649,19708.54,36,0.0877,2.6,0
40,43588.26,698,22843.34,36,0.278,16.7,0
47,94972.84,541,10641.07,36,0.2636,28.9,0
35,90344.69,600,19012.03,24,0.05,3.0,0
23,59297.07,676,13800.01,48,0.0792,1.3,1
45,64592.9,710,5809.12,12,0.1552,2.5,0
50,130599.46,650,17025.2,36,0.2859,5.9,0
58,40671.66,542,30709.13,12,0.1224,0.9,1
60,101357.53,590,27781.27,48,0.1494,1.9,0
58,86516.01,692,9403.77,36,0.1176,11.3,1
51,82757.73,527,21782.89,48,0.2469,3.6,0
53,55959.86,691,22655.66,12,0.3034,6.0,0
63,74550.85,557,20246.68,24,0.1365,6.1,0
56,90785.9,685,26822.47,24,0.1821,11.9,0
44,99035.1,665,19211.34,12,0.1095,0.8,0
55,45819.79,623,18051.62,24,0.2264,1.7,0
27,85296.4,710,18127.77,12,0.1871,0.2,0
54,74844.02,651,36767.25,48,0.3081,9.9,0
35,59558.79,735,20273.97,36,0.1435,1.4,1
42,70128.04,633,26348.6,36,0.05,2.8,0
52,50061.05,536,39165.33,36,0.2892,8.3,0
62,42871.22,622,27318.98,60,0.2412,2.2,0
56,30442.14,589,20753.72,24,0.0605,1.6,0
37,65518.68,660,27701.26,36,0.05,18.7,0
58,99306.93,666,16935.46,12,0.3525,1.6,0
43,55999.43,636,22338.91,24,0.237,0.9,1
54,71920.15,644,11976.52,36,0.3156,0.6,0
40,23095.74,691,30633.11,36,0.0899,0.3,0
25,109004.23,614,42377.35,36,0.3497,1.5,0
46,76817.53,587,7121.3,36,0.2259,3.8,0
59,67715.78,659,33758.09,48,0.1474,1.1,0
31,79720.73,750,22384.88,36,0.2749,6.0,0
39,71991.5,741,6844.84,24,0.1901,5.0,0
41,59355.88,770,30424.36,36,0.4315,5.3,0
35,71504.46,711,21595.44,36,0.2468,2.8,0
41,71009.28,609,22105.57,24,0.1212,3.8,0
43,72212.95,793,12500.28,36,0.095,1.4,0
26,97836.35,651,21025.51,60,0.2824,5.7,0
51,70592.53,829,2000.0,24,0.1253,5.3,1
64,68038.9,655,32673.13,60,0.2823,1.7,0
34,53267.3,718,18521.56,36,0.1925,0.3,0
39,56145.5,549,31129.52,48,0.5618,1.3,0
38,41178.73,818,40528.05,12,0.087,10.5,0
35,106971.79,688,24739.27,60,0.05,0.7,0
45,39708.16,668,34600.35,24,0.3487,8.2,0
37,18000.0,628,8756.36,36,0.2902,6.8,0
58,18000.0,652,15160.07,24,0.1535,3.8,0
45,82911.73,758,18351.83,48,0.1934,4.8,0
45,71384.43,780,2687.66,48,0.1556,0.1,0
47,86599.18,609,13118.41,24,0.05,11.3,1
41,77160.67,746,18898.61,12,0.3277,3.2,0
59,104441.25,596,23406.26,48,0.302,0.6,1
55,93723.79,796,9714.49,36,0.1532,10.5,0
35,55493.28,648,15914.64,36,0.0693,7.9,1
24,74303.33,598,11487.79,24,0.1657,17.9,0
33,51225.0,654,21994.77,36,0.3528,9.2,0
49,33482.87,674,21154.41,48,0.0851,9.7,1
54,54276.58,711,26259.28,36,0.3299,12.0,0
56,82206.45,695,24781.5,12,0.3049,6.8,0
28,51534.76,746,26070.05,36,0.1388,8.0,1
21,50737.17,692,29697.45,36,0.1816,5.0,0
35,69821.4,850,16887.1,48,0.1501,3.3,0
57,85489.5,505,12447.09,48,0.2824,8.7,0
50,53673.27,764,22528.28,48,0.1176,10.8,0
45,28581.5,714,28260.69,36,0.086,3.1,0
26,78391.06,737,13231.06,36,0.1068,1.2,0
46,67936.71,711,13585.22,36,0.2127,3.7,0
39,63627.87,787,31214.96,36,0.2819,2.2,0
46,89981.14,785,29110.78,36,0.2596,1.8,0
47,44583.59,559,11606.94,48,0.2409,1.0,0
46,47630.59,593,22564.91,24,0.0535,4.6,0
33,41477.37,703,24009.63,24,0.3772,4.3,0
36,67708.33,752,19239.84,48,0.05,11.2,0
61,80415.26,648,9552.4,36,0.2617,1.0,0
54,47536.57,728,20246.61,36,0.4879,3.2,0
64,91542.56,654,20886.47,36,0.3545,3.8,0
41,63858.97,783,17763.69,12,0.2139,1.0,0
50,47555.16,730,24438.21,48,0.4857,5.9,0
58,28980.54,604,12918.4,48,0.1293,2.7,0
36,89364.05,683,16254.81,24,0.065,3.7,0
37,88958.21,830,21047.31,36,0.218,2.8,1
64,87522.86,762,23570.05,24,0.2433,8.7,0
33,48529.82,564,21019.67,48,0.4462,1.4,1
24,66550.69,693,27249.65,36,0.1222,3.1,0
35,18000.0,777,24275.24,60,0.0848,6.7,1
32,35546.97,626,8373.83,48,0.05,7.0,1
47,54501.07,669,25541.02,36,0.4006,2.8,0
49,43069.13,634,12594.32,24,0.1496,0.9,0
58,47543.08,678,19005.22,48,0.2792,0.4,0
58,79710.89,656,35353.61,24,0.2535,7.7,0
64,61832.92,688,16225.21,24,0.0695,0.6,1
30,82473.4,639,2000.0,12,0.05,5.4,0
48,23886.02,530,11684.71,36,0.4363,1.1,0
64,51105.48,702,3845.78,36,0.3905,0.9,0
34,60090.23,649,48658.76,48,0.1692,7.3,0
51,96417.34,762,2000.0,24,0.3306,14.8,0
49,31594.02,655,19653.67,60,0.0964,2.5,0
64,92229.94,766,27821.95,60,0.0553,1.2,0
52,90714.56,635,21432.49,60,0.2923,12.4,0
43,84879.48,707,12170.71,36,0.2829,4.5,0
59,107575.44,645,41765.51,48,0.2096,4.1,0
49,64945.44,608,10077.63,12,0.1352,0.1,0
48,38410.68,659,28570.88,36,0.2475,4.0,1
61,26908.51,728,19931.45,36,0.1,3.1,0
45,49681.19,701,32842.09,36,0.1607,7.4,0
42,40026.44,587,17267.71,60,0.2706,9.6,0
26,74577.26,807,4068.78,36,0.0625,10.9,0
48,64998.46,744,28915.28,48,0.0952,0.5,0
22,27031.09,587,23659.86,48,0.1185,3.0,0
31,48257.45,564,24282.38,60,0.2698,1.1,0
53,51491.81,816,14385.8,60,0.3801,2.0,0
42,59292.09,753,4107.6,36,0.1161,0.9,0
43,120083.52,720,7598.91,12,0.1674,3.5,0
57,54533.81,716,16815.42,48,0.05,10.4,0
38,87177.58,593,10306.04,36,0.1153,3.6,0
50,83538.47,683,15610.4,24,0.1652,4.6,0
57,49710.75,737,16639.07,36,0.2728,4.5,0
35,68195.37,699,16678.8,36,0.2356,20.4,0
38,68111.69,586,19494.02,36,0.2079,0.3,0
22,77555.29,652,16639.84,48,0.2307,6.7,0
23,78928.09,622,19255.91,60,0.05,0.2,0
41,64139.26,685,2000.0,48,0.188,1.4,0
63,75800.14,657,15779.42,12,0.1683,2.7,0
44,64054.92,645,24400.8,36,0.3029,0.4,0
34,56849.0,670,25108.02,48,0.2115,0.2,0
38,61012.84,686,20430.81,48,0.1467,15.5,0
34,82523.33,788,33412.81,36,0.05,1.6,0
29,70902.05,650,18494.11,24,0.1975,2.1,0
54,32835.26,624,9140.58,48,0.3109,1.7,0
55,69609.64,653,21486.27,48,0.2906,8.8,0
59,51089.6,833,17921.9,36,0.1629,0.8,0
48,52387.78,581,5453.6,24,0.4426,18.3,1
29,100604.39,655,34249.15,36,0.1361,5.4,0
47,97901.16,574,18183.23,36,0.1058,3.7,0
51,18736.16,708,21304.73,36,0.1525,1.3,0
22,69330.2,724,27489.6,48,0.1729,4.0,0
47,96001.92,617,10131.98,36,0.1771,3.7,1
23,58069.5,568,11033.32,48,0.2381,2.3,0
38,46127.94,689,12261.24,48,0.1645,0.8,0
51,92248.28,631,17417.63,36,0.1558,1.2,0
33,35340.62,732,13649.93,24,0.1833,2.4,0
25,66470.66,595,9500.7,36,0.1504,8.8,0
39,65095.5,642,13383.2,48,0.1855,3.7,0
26,74530.19,678,11385.11,36,0.0807,12.8,0
29,87786.2,832,2340.36,48,0.2773,2.6,0
32,70821.5,780,16733.41,48,0.05,12.8,0
60,61894.81,714,39123.9,48,0.4201,11.0,1
37,41419.15,739,24750.55,24,0.0959,4.1,0
49,98623.23,686,22587.95,48,0.5259,0.7,0
54,60727.14,696,18728.92,36,0.2896,0.0,1
54,51721.44,639,27888.7,36,0.05,9.0,0
23,85702.46,732,18544.75,48,0.3108,14.0,0
40,51244.51,704,17376.74,48,0.1901,0.9,0
64,106480.49,763,4620.46,48,0.05,9.0,0
31,51879.64,655,37415.32,36,0.3131,2.8,0
54,79837.89,684,10513.25,36,0.082,0.8,0
48,63403.13,607,11554.03,36,0.2078,0.7,0
46,79757.79,651,3270.0,48,0.1827,0.0,0
55,41903.84,526,27161.31,24,0.1685,15.0,0
47,99671.44,655,36073.71,36,0.2406,14.0,0
54,69451.19,682,23843.83,48,0.0647,9.4,1
58,50978.77,687,18487.33,12,0.3073,10.6,0
40,67355.33,850,17820.6,24,0.3387,1.4,0
62,83704.52,486,19187.04,48,0.2707,9.4,1
49,53344.92,661,33787.16,36,0.1098,6.9,0
29,18000.0,701,19735.96,60,0.1641,10.2,0
49,34222.55,716,24530.3,60,0.2572,0.3,0
50,76753.43,722,15016.33,24,0.3177,9.3,1
23,95125.24,769,16420.64,36,0.2455,3.8,0
37,74642.68,611,16299.78,36,0.2581,8.2,0
38,92669.27,684,8542.68,24,0.1958,22.3,0
52,82672.81,737,15024.92,36,0.05,2.9,0
21,73994.68,657,19975.91,36,0.3066,0.1,0
64,59493.38,815,15259.57,48,0.1058,5.2,0
60,53631.86,459,27228.95,36,0.1886,7.4,0
25,97908.59,551,23824.24,48,0.3293,0.8,0
62,57884.52,531,16222.22,48,0.186,10.5,0
44,69341.18,673,9669.91,48,0.3332,2.1,1
24,61821.69,597,22368.92,24,0.2103,9.1,0
63,66735.21,741,18403.35,36,0.2879,2.4,0
36,66498.65,618,22299.49,36,0.1184,8.7,0
51,26689.41,850,7644.66,24,0.05,1.4,0
42,58003.43,741,23550.56,12,0.256,0.6,1
34,43139.02,570,20592.28,36,0.4628,11.2,0
24,127717.1,721,15508.92,36,0.268,8.9,0
48,32696.6,575,8579.47,12,0.2084,7.2,0
46,88467.03,662,25701.81,24,0.2442,12.4,0
46,47900.8,642,15175.78,36,0.2595,12.4,0
53,61721.14,745,28142.65,60,0.0631,6.3,0
45,61577.83,702,14042.1,36,0.3646,11.8,0
39,57214.12,689,11796.35,36,0.1144,2.9,0
48,82192.14,727,26060.79,48,0.2082,4.7,0
62,77960.73,725,23656.54,24,0.05,0.6,0
62,47415.71,690,15756.63,36,0.3171,0.1,1
39,59878.0,652,25776.64,36,0.083,2.7,0
52,85255.96,777,11684.47,36,0.1213,8.4,0
46,56428.77,729,4152.01,60,0.2273,3.2,0
37,92647.09,585,17477.89,24,0.3887,13.2,1
49,56182.63,717,12134.2,36,0.3021,7.3,1
51,78024.89,654,23904.36,48,0.3442,1.9,0
44,79922.31,540,30742.61,24,0.05,10.7,0
64,63341.65,720,16196.56,12,0.2629,3.9,0
37,41543.85,662,2000.0,48,0.2932,6.6,0
24,82536.18,850,32142.56,12,0.2116,2.4,0
54,78120.08,685,13255.66,36,0.1737,4.2,1
21,56863.76,758,25574.82,36,0.1219,0.8,0
28,103685.19,708,23887.6,48,0.1814,2.5,0
35,34291.08,695,16533.56,36,0.2723,4.5,0
29,45221.14,701,11951.86,36,0.2533,3.1,0
44,81415.76,720,30862.19,60,0.2717,0.1,0
64,78416.73,646,10929.18,36,0.1471,0.7,1
53,80680.72,615,16485.82,48,0.2864,3.2,0
63,83130.17,723,33043.96,48,0.1529,0.3,0
54,62920.69,722,4656.57,24,0.1495,2.5,0
28,55938.07,746,12523.48,24,0.1119,0.3,1
37,18000.0,624,20171.95,36,0.4531,4.8,0
32,94116.75,715,14798.43,48,0.1821,7.9,0
50,49510.22,672,36520.17,48,0.1033,9.2,0
38,86905.59,727,19422.39,36,0.084,6.8,0
25,71579.21,689,30816.53,48,0.1355,0.6,0
63,83872.01,707,27197.77,48,0.4446,2.5,0
58,79280.64,760,41593.28,36,0.0875,4.1,0
33,68333.95,673,24211.24,48,0.2378,0.6,0
24,59758.04,715,10657.83,48,0.0773,0.3,1
32,52603.41,585,3965.33,36,0.3617,0.7,0
36,92752.21,710,17011.87,24,0.0887,9.2,1
57,40083.87,676,21854.18,48,0.2234,5.0,0
46,76656.43,679,2337.2,36,0.3316,0.3,0
45,73925.82,576,15711.01,48,0.6172,8.0,0
46,22721.37,610,6263.4,24,0.05,0.3,0
48,75929.06,703,12154.27,36,0.0964,7.8,0
25,97593.35,628,25041.36,12,0.2564,8.0,0
56,68446.38,585,25759.07,36,0.1336,11.6,0
59,74077.87,741,21349.59,48,0.1714,8.2,0
47,60320.97,648,19997.81,24,0.2419,0.6,1
58,67582.28,694,29238.28,36,0.05,1.7,0
54,51640.39,714,21974.87,48,0.194,6.3,0
48,31619.26,661,16297.27,24,0.2197,1.6,0
30,43332.69,768,16911.89,36,0.1169,1.1,0
52,45142.71,734,17751.97,36,0.4146,11.9,0
27,77271.32,811,24294.53,48,0.0571,14.4,0
42,53896.72,600,19205.92,24,0.0947,1.7,0
51,80424.4,634,21011.24,36,0.389,0.5,0
27,69444.47,713,17139.24,48,0.1854,8.4,0
64,60742.22,699,11947.39,24,0.0555,11.7,1
54,92380.77,769,25996.34,48,0.2498,1.6,0
28,98461.68,598,9453.82,48,0.265,3.5,0
41,105259.11,649,24242.87,36,0.0579,3.4,0
57,103146.57,793,17661.48,36,0.2707,0.5,1
36,34475.24,689,39782.43,48,0.3098,8.3,1
61,95375.72,699,31687.12,60,0.2089,2.4,0
38,70426.91,826,15670.34,48,0.1315,3.5,0
22,70895.37,647,25342.21,36,0.1348,5.7,0
63,40864.46,662,29243.27,24,0.2387,7.5,0
38,75883.95,686,14198.33,12,0.0695,0.2,0
45,56571.41,698,37331.62,48,0.0939,9.8,1
36,92291.35,754,19397.98,48,0.29,11.3,0
42,52677.28,682,11787.92,36,0.1393,4.3,0
37,46682.71,556,3937.65,60,0.1839,3.4,0
42,110162.52,704,39681.26,24,0.1348,0.8,0
38,69835.26,681,8027.02,36,0.1263,22.7,0
37,18000.0,662,9055.84,36,0.0869,13.3,0
48,104658.54,617,23553.01,24,0.1015,4.1,0
31,65485.79,733,21543.16,36,0.4813,2.5,0
52,64721.84,808,21493.02,12,0.0696,0.7,0
24,53524.6,740,15149.22,36,0.4663,4.1,0
38,62156.6,645,7984.53,60,0.3009,0.0,0
59,53207.6,703,11146.45,48,0.1866,13.6,0
57,55158.47,704,30395.54,60,0.05,9.6,1
60,27453.27,744,31431.01,48,0.1337,6.4,0
58,62746.72,713,20942.71,36,0.0716,0.5,0
55,81847.81,747,21387.39,60,0.05,14.0,0
62,28184.05,578,16974.68,36,0.1597,4.4,0
41,91685.99,620,9069.61,24,0.2471,6.7,0
52,67046.65,523,27685.76,24,0.3278,0.5,0
64,95724.2,498,11271.79,24,0.05,2.2,0
53,100746.46,771,17726.55,48,0.2365,9.6,0
35,67851.35,837,8406.74,36,0.2921,11.9,0
53,77056.47,758,14961.09,12,0.0903,0.6,0
27,65240.85,757,36153.34,48,0.1454,3.9,0
34,69469.28,735,28832.57,36,0.0521,2.8,0
23,63039.29,593,12829.55,24,0.2567,10.4,0
61,93664.82,604,14936.79,36,0.1591,1.8,0
23,84289.37,765,26722.17,12,0.2686,0.2,0
37,85132.08,669,33687.91,24,0.0923,4.4,0
48,96578.06,678,26518.96,48,0.1627,6.2,0
40,66905.7,695,36488.62,36,0.3013,6.9,0
29,94420.93,672,8236.93,24,0.05,4.0,0
51,40447.28,715,26334.68,24,0.174,5.8,0
21,25469.11,617,19496.42,36,0.1295,1.1,0
23,18000.0,747,20517.56,36,0.1792,19.3,0
46,103892.24,823,32810.26,36,0.1117,2.3,0
59,66391.79,694,29411.34,60,0.0713,0.9,0
37,33238.89,670,23321.09,36,0.2436,9.4,0
32,51831.08,563,6538.72,36,0.2184,0.6,0
46,41573.12,687,36904.72,36,0.2428,15.6,0
60,51997.71,622,14612.68,36,0.05,3.5,0
54,63361.85,600,24247.54,36,0.1432,6.3,0
31,86270.04,668,34049.16,36,0.0698,2.5,0
52,56436.48,554,10925.02,60,0.2825,8.2,0
21,56387.44,715,17455.16,24,0.2242,9.3,1
35,87738.41,704,20369.92,48,0.05,0.0,0
35,89703.63,753,15664.52,36,0.341,0.1,0
23,110662.55,594,9536.62,12,0.05,17.5,0
55,53688.64,677,11118.14,12,0.1313,1.2,1
36,40719.97,602,13720.11,48,0.3429,1.4,0
64,79577.94,650,21522.14,12,0.4483,0.6,0
47,83963.42,793,24632.47,36,0.073,0.5,0
48,34369.92,783,24017.34,12,0.0993,2.2,0
30,26129.62,757,18241.58,48,0.05,1.0,0
54,40089.78,596,11388.56,48,0.0596,0.3,0
22,65636.39,529,32542.42,48,0.4012,4.8,0
23,108684.03,790,17743.09,36,0.3075,7.8,1
23,95767.27,778,19103.21,60,0.2006,0.4,0
31,119326.96,578,9705.5,24,0.1461,7.7,1
35,52806.95,638,21740.2,36,0.0572,5.8,0
23,69050.92,553,10849.78,36,0.0587,1.7,0
40,95503.88,717,29313.61,24,0.1957,9.8,0
51,42986.75,618,2000.0,24,0.1541,2.0,1
21,44818.32,664,6498.92,24,0.1523,11.9,0
24,59965.8,585,2142.87,36,0.0513,3.3,0
64,46688.06,595,10219.53,24,0.1484,0.7,0
49,63467.01,776,22175.37,48,0.1971,1.8,0
41,47039.15,651,34930.38,12,0.2209,2.8,1
24,41607.21,693,8620.87,12,0.1811,2.4,0
49,92710.79,703,10954.26,24,0.0737,0.3,1
27,56580.19,664,37385.32,24,0.1254,11.4,0
43,61859.3,597,28552.09,36,0.3504,7.4,0
32,87438.89,716,28447.18,36,0.1391,0.2,0
62,72447.95,670,4141.56,48,0.3331,3.3,0
29,91075.16,549,24422.05,36,0.05,6.3,0
35,85074.63,576,2000.0,60,0.1821,1.8,0
33,78772.3,712,22903.89,60,0.0592,12.0,1
37,60478.98,740,6064.69,24,0.1491,1.4,0
42,62090.65,706,2000.0,24,0.2164,3.4,0
29,49255.62,713,23915.81,36,0.0731,5.8,0
23,37832.44,628,28675.21,12,0.1943,3.9,0
28,59426.73,733,2000.0,36,0.1821,8.5,0
46,54942.48,745,26128.52,60,0.0876,0.7,0
64,46988.74,618,19622.56,12,0.454,0.7,0
43,97674.82,695,32214.68,36,0.4264,0.0,0
31,81737.21,752,9477.1,24,0.3297,3.5,0
36,117936.93,620,8826.33,24,0.271,5.0,0
36,116856.02,566,22927.62,48,0.05,1.9,0
37,61253.38,601,23034.31,48,0.3656,9.3,0
37,84303.87,655,17101.83,24,0.1207,0.4,0
61,76964.25,635,49859.18,36,0.44,2.7,0
56,43960.32,636,31842.14,60,0.3992,1.0,0
51,89428.74,634,16789.99,36,0.1102,9.0,0
35,72593.33,777,15385.58,36,0.3584,4.2,0
48,67569.01,721,18604.91,24,0.2818,0.9,0
64,56236.45,707,18817.84,48,0.2196,2.1,0
37,94518.49,631,15729.15,36,0.05,4.8,1
28,76788.71,739,23715.46,36,0.2702,5.6,0
64,81229.68,850,42093.72,12,0.0963,7.6,0
40,30667.64,685,33671.15,36,0.1559,5.9,0
39,60516.78,794,6442.58,36,0.1272,3.7,0
61,89431.14,720,19772.59,60,0.267,9.9,0
23,54814.97,609,36904.0,24,0.3275,7.2,0
59,35985.15,792,21656.6,48,0.4501,2.4,0
41,30439.58,687,19676.21,36,0.2455,19.3,0
48,97531.92,657,16245.76,12,0.3276,4.4,0
34,46004.86,607,16616.16,12,0.1888,22.2,1
55,19331.64,656,16397.76,36,0.0895,3.8,0
30,60639.29,623,14444.22,36,0.05,14.5,0
31,106579.89,754,9832.31,60,0.1627,3.7,0
61,57212.47,659,21331.27,48,0.2882,4.6,0
27,85104.7,597,27100.8,48,0.05,4.3,0
22,82538.6,608,17486.23,12,0.1993,4.6,0
37,94058.65,696,14602.86,24,0.3066,2.9,1
42,88680.53,690,12752.34,60,0.3269,1.9,0
61,121893.27,767,9136.36,36,0.2089,2.1,0
35,66669.6,716,22664.12,48,0.3156,5.0,0
37,92802.87,627,23131.39,36,0.312,1.4,0
61,74396.94,709,23241.18,36,0.1518,1.2,1
49,108562.27,670,13288.36,24,0.3194,6.9,0
40,57114.04,624,9971.99,24,0.5319,5.0,0
47,66868.44,680,17536.35,36,0.1786,0.7,0
50,69311.72,693,8855.42,60,0.1704,5.1,1
43,73672.53,773,10781.95,48,0.3372,1.2,0
42,35845.88,815,21829.64,36,0.0874,0.2,0
22,73307.89,666,11064.86,36,0.2256,2.0,0
55,75960.1,715,21638.88,36,0.05,5.3,0
54,72049.5,714,14266.14,36,0.1363,3.3,0
36,88035.5,686,20038.0,48,0.1975,5.9,0
59,61019.3,770,21523.42,36,0.0928,1.7,0
32,65018.68,755,11724.91,36,0.0738,4.7,0
63,58468.8,833,2000.0,48,0.223,0.1,0
52,66677.24,812,29685.44,12,0.1415,0.7,0
56,55456.5,612,19071.18,24,0.3008,6.8,0
49,66409.33,619,27626.67,36,0.3256,12.9,1
25,81693.37,541,17162.11,48,0.3872,6.6,0
44,95636.0,610,15616.31,36,0.1578,6.0,0
41,63006.55,610,7005.26,24,0.1418,3.8,0
53,57765.49,850,26406.51,36,0.05,0.3,0
60,67519.63,630,17530.36,36,0.1354,3.0,0
22,50055.3,850,12053.14,60,0.2215,10.8,0
52,77204.52,689,23079.28,24,0.2268,0.1,0
32,75720.96,705,20084.94,36,0.1454,1.6,0
25,94797.7,568,29032.72,36,0.1305,35.0,0
21,35151.76,767,21164.9,36,0.245,1.4,0
57,65188.67,721,28798.7,48,0.2324,7.1,0
46,65125.75,717,21434.77,24,0.1614,0.4,0
50,88524.15,725,22844.68,48,0.3047,9.2,0
55,124232.33,623,15083.94,12,0.1418,6.3,0
50,55525.19,615,22443.3,24,0.339,1.1,0
56,92705.64,627,15134.69,36,0.4503,3.3,0
21,89981.36,684,22162.44,36,0.2312,2.9,0
32,65194.52,704,21897.27,48,0.2691,7.9,0
36,29441.74,713,14301.57,12,0.1445,9.1,0
60,37404.86,697,19257.65,36,0.1635,5.8,1
22,60547.16,553,13560.08,24,0.1304,10.6,0
42,42783.74,727,27403.83,48,0.05,5.0,0
42,81758.0,693,22969.31,12,0.1928,1.3,0
55,39440.16,585,23846.4,24,0.05,0.5,0
49,71405.17,690,25481.5,36,0.414,1.5,0
54,52821.36,643,23143.51,36,0.2197,4.5,0
34,71258.82,627,20114.82,36,0.081,0.2,0
43,92314.32,537,15682.13,36,0.2638,19.6,0
30,101456.24,822,28883.13,24,0.0547,2.9,0
22,68024.48,703,15448.7,36,0.1339,5.8,0
25,25384.59,664,13279.71,36,0.1279,16.1,0
27,44326.63,651,24809.87,12,0.2426,0.2,0
39,92152.59,497,14104.51,48,0.313,8.4,0
31,39986.45,709,17943.16,36,0.0807,1.1,0
53,88080.76,669,26502.36,36,0.1097,1.9,0
31,36066.31,534,21423.65,36,0.3286,0.7,0
61,90687.51,729,16124.92,36,0.1677,1.5,0
61,29955.21,575,26785.42,36,0.1192,2.3,1
24,67826.57,726,25453.49,36,0.3347,8.8,0
25,55909.45,672,6285.25,36,0.2726,6.4,0
21,54033.12,546,4117.78,36,0.2733,13.9,0
21,72299.27,668,26209.7,48,0.3194,7.6,0
22,125646.07,762,9051.14,60,0.1025,4.5,0
22,76825.38,713,2000.0,12,0.1696,4.1,0
45,88079.09,692,20155.37,48,0.3284,0.8,0
31,65796.05,610,19991.58,36,0.1175,10.7,0
25,58254.92,703,14123.76,36,0.1551,0.6,1
37,50341.2,717,27613.53,24,0.1406,1.0,0
55,87206.89,809,24856.01,48,0.1684,8.8,0
44,87085.26,736,10067.75,60,0.1816,0.5,0
59,48165.11,666,31472.91,24,0.055,1.2,0
24,25312.73,611,29611.96,48,0.1668,0.6,0
35,63160.88,661,17277.74,36,0.2382,16.4,0
28,94801.22,784,25913.84,36,0.2977,5.2,1
36,33303.8,738,30909.64,36,0.3552,0.1,0
25,60876.03,577,18878.09,36,0.3821,16.1,0
27,50680.74,756,3433.39,60,0.2175,0.6,0
28,85131.1,708,8089.3,48,0.2644,3.0,0
41,52366.78,664,21793.47,36,0.2009,3.9,0
40,75541.7,687,19710.11,36,0.2166,0.1,0
31,86243.32,800,18675.28,36,0.1789,10.9,0
61,41558.24,760,19071.37,36,0.1095,17.8,1
39,55182.23,637,13642.63,36,0.0681,1.1,1
30,60652.57,630,20835.63,24,0.1602,12.1,0
64,91165.32,762,10226.89,36,0.1042,2.4,0
44,63056.98,634,32666.72,48,0.2541,0.2,0
35,67288.4,782,13706.13,36,0.1587,1.1,0
33,97892.74,668,16828.96,48,0.263,4.6,0
58,33063.9,652,31609.98,60,0.2668,3.1,0
31,36535.97,700,19022.45,24,0.3406,5.4,0
21,67604.85,665,32878.72,24,0.1668,6.5,0
60,39437.49,563,28340.85,24,0.2579,1.4,0
60,65947.83,655,31991.99,36,0.1278,1.2,0
34,68494.3,609,24174.91,24,0.2945,5.0,0
62,54247.32,650,25014.66,24,0.05,4.7,0
21,19825.54,606,2000.0,24,0.0573,6.0,0
35,117338.2,779,23130.11,36,0.3568,8.6,0
25,46153.47,742,27678.11,24,0.4573,7.3,0
32,74739.85,629,24109.44,36,0.139,5.3,0
63,42064.13,701,17091.73,60,0.2159,11.7,0
61,27221.99,574,3331.77,48,0.1628,1.8,0
26,30459.49,828,25211.04,24,0.1188,0.5,0
55,53273.82,783,31645.96,48,0.148,1.6,0
52,62736.76,744,14092.68,60,0.1772,0.5,0
39,82247.21,682,27131.24,24,0.1007,0.4,0
41,79480.23,641,17804.75,48,0.1609,2.1,0
30,50401.48,625,42153.44,36,0.3396,6.5,0
41,84931.77,686,26312.8,36,0.5107,0.3,0
51,81265.61,572,32777.22,36,0.1027,6.2,0
50,76334.18,598,19108.76,24,0.0695,0.3,0
33,79388.52,844,13142.6,60,0.3205,12.3,0
58,88807.58,848,17857.45,24,0.2704,9.5,0
22,64332.21,787,25203.8,48,0.2173,11.2,0
46,56662.55,809,23168.21,12,0.3166,4.3,1
36,72232.73,673,15878.37,48,0.1706,16.9,0
25,58427.07,632,27277.21,36,0.05,0.4,0
48,85184.78,601,39915.27,24,0.113,7.3,1
28,84708.4,610,9708.65,12,0.4707,2.7,0
53,87066.86,778,20002.06,60,0.1787,10.6,0
43,72743.02,693,25505.04,36,0.0818,0.5,0
23,69371.32,674,33700.51,36,0.2424,2.5,0
35,49518.65,762,38582.07,48,0.4209,4.7,0
23,79329.59,685,35912.63,24,0.05,9.5,0
22,82056.91,591,28578.99,36,0.2184,13.2,0
58,63407.25,705,25591.04,60,0.4096,4.4,0
47,41373.82,563,24963.64,48,0.0633,3.0,0
62,53775.95,669,12582.62,36,0.1565,1.9,0
56,76359.62,669,19662.35,48,0.0911,6.0,0
30,44159.95,690,8213.44,24,0.1116,0.1,0
64,56998.36,490,39872.87,24,0.5959,3.5,0
32,92578.1,659,34285.27,36,0.1855,4.8,0
35,63483.32,725,5462.04,36,0.2083,11.8,0
46,68385.6,699,28870.97,60,0.3056,0.4,1
43,77429.67,772,22310.6,36,0.1674,1.4,0
25,59642.77,730,20464.99,60,0.1965,4.3,0
21,98037.49,781,14685.96,12,0.1333,1.9,1
56,31241.44,520,32961.5,36,0.1085,0.6,0
26,70329.43,690,31794.71,24,0.3925,2.6,0
42,65041.96,591,23924.88,36,0.2623,4.3,0
52,48064.64,777,5294.54,48,0.2666,1.5,0
47,65317.85,553,17574.24,24,0.3405,4.8,0
23,58387.01,661,8880.74,36,0.175,20.5,0
33,77318.93,631,31539.58,48,0.1366,8.1,0
56,54288.62,626,33597.83,24,0.106,1.9,0
38,83826.2,709,29424.92,36,0.1271,0.1,0
57,84679.66,618,8398.44,48,0.2568,10.0,0
21,43860.43,823,26183.72,48,0.2983,3.0,1
57,27759.88,713,11006.97,48,0.1911,0.5,0
58,42248.99,636,19592.02,24,0.438,5.7,1
24,74586.11,731,11130.89,36,0.063,2.6,0
41,49038.66,771,15394.5,48,0.3667,6.1,0
55,87548.85,676,17654.6,12,0.2561,4.5,0
53,97381.94,725,26998.03,36,0.2931,19.8,0
26,55163.88,642,17693.65,24,0.3843,2.0,0
29,79262.73,512,31360.17,36,0.1494,0.0,0
55,35441.43,634,3099.52,24,0.4326,3.0,0
28,50314.67,662,21098.27,12,0.2042,7.7,0
35,74491.0,716,11243.04,60,0.324,10.7,0
56,64140.17,761,17835.69,48,0.05,0.2,0
38,83182.58,744,17422.5,36,0.2826,1.2,0
30,58344.68,607,20342.83,48,0.211,10.6,0
26,78703.33,764,21233.98,12,0.0711,2.6,0
56,86573.92,728,37519.17,36,0.0901,7.5,1
45,49489.18,850,12734.38,24,0.4401,0.9,0
48,48409.57,710,9144.77,36,0.0795,2.8,1
26,32048.1,663,10072.58,12,0.1488,8.5,0
50,75188.98,620,5673.6,60,0.0953,0.2,0
29,50814.01,653,16037.91,12,0.1319,1.1,0
49,74528.55,694,43892.61,24,0.2494,5.0,1
60,42109.8,535,15815.0,24,0.0742,0.1,0
23,58492.21,595,12422.63,24,0.2354,4.0,0
24,23659.88,626,36958.85,36,0.1453,6.2,0
50,87666.58,619,39250.08,60,0.1752,5.6,0
61,71443.64,679,17805.14,12,0.0828,0.7,0
44,76779.87,676,12025.51,60,0.1764,4.1,0
51,69873.99,647,23032.0,36,0.1898,12.7,0
58,44635.84,773,26181.73,36,0.1056,3.0,0
63,105741.4,622,10953.84,24,0.1626,11.7,0
36,78217.33,595,12340.87,60,0.1605,1.4,0
56,100404.22,598,30265.26,24,0.141,1.9,0
28,56305.82,619,26090.12,36,0.252,4.0,0
55,74551.13,661,25667.59,24,0.1523,5.9,0
53,80226.63,567,30564.85,36,0.259,2.9,0
48,52446.24,571,25756.03,48,0.3121,1.9,0
60,89121.56,596,25714.47,48,0.2761,0.6,0
40,20764.73,626,17038.61,24,0.1233,11.9,0
64,67042.87,669,31099.31,36,0.2829,5.0,1
47,83452.77,773,6550.39,36,0.0899,1.9,0
23,41124.11,671,39211.36,12,0.245,5.0,0
24,57389.84,669,24058.36,48,0.1004,0.5,0
36,41962.68,664,24694.02,12,0.2804,5.7,0
35,82162.77,802,17809.69,24,0.1389,7.7,1
60,41327.06,752,34778.11,36,0.0972,6.0,0
47,88558.67,698,25178.43,12,0.1664,6.8,0
44,64985.01,648,22711.02,48,0.3642,0.1,0
34,36100.47,760,23665.3,24,0.1154,2.7,0
49,43495.56,753,13900.38,48,0.4684,15.3,0
57,60698.24,656,32012.06,48,0.187,2.2,0
63,79790.63,684,19370.21,36,0.1108,0.2,1
57,65015.62,689,24323.3,36,0.1734,10.5,0
35,34517.21,658,18655.08,36,0.2394,18.5,0
33,34879.0,638,17000.93,36,0.3017,7.5,0
41,44717.0,614,22860.66,12,0.1596,11.8,0
27,79405.53,672,13725.45,36,0.2331,1.6,0
44,52576.77,751,3992.05,24,0.1873,2.3,0
57,84097.44,619,10157.14,48,0.0521,3.9,0
61,64071.84,743,15865.42,36,0.3292,0.5,0
33,62882.49,776,24598.65,24,0.05,3.0,0
45,18000.0,671,25045.09,48,0.0732,1.1,0
52,67798.16,616,12997.68,60,0.351,1.3,0
29,54774.53,642,23649.62,48,0.1447,1.6,0
50,91685.4,642,35269.92,48,0.0836,1.8,0
54,92477.41,699,22501.32,60,0.2318,1.4,0
64,66047.66,624,20474.1,48,0.2845,15.9,0
63,71300.81,598,18605.1,36,0.1102,0.5,0
35,123465.24,763,25994.09,48,0.2852,3.8,0
22,50372.87,790,23288.3,48,0.1503,0.5,0
49,109260.17,625,6067.21,24,0.1576,15.7,0
44,43537.45,812,17988.03,48,0.05,0.1,0
45,22735.78,692,16980.76,36,0.2641,1.1,0
54,58656.04,687,17981.28,24,0.0578,2.7,0
39,59502.13,700,12656.95,60,0.116,17.3,0
52,51245.36,584,21028.2,36,0.2172,3.2,0
40,47378.71,633,11651.06,60,0.2977,0.7,0
60,57000.37,648,27693.18,36,0.1086,5.2,1
60,93673.41,689,27561.78,12,0.3661,2.9,0
50,40749.19,638,28380.19,36,0.3498,0.4,0
22,81613.54,605,11483.94,24,0.2829,7.1,0
32,70490.86,710,15460.3,36,0.2196,4.5,0
46,41429.52,610,21463.75,12,0.3866,11.3,0
57,55306.88,744,30747.76,24,0.327,3.8,0
53,64979.03,731,20207.77,36,0.4246,2.0,0
34,77965.69,547,24314.02,48,0.1304,4.9,0
64,101331.9,565,5564.55,36,0.2544,13.1,0
34,36844.44,763,37547.38,60,0.222,2.4,0
48,71357.33,703,20505.31,24,0.05,9.7,0
60,73279.08,684,39671.28,36,0.3144,2.6,0
59,27941.85,701,25593.68,36,0.05,4.9,1
37,69392.04,693,23783.22,36,0.1562,0.5,0
41,61216.62,758,21641.23,36,0.1808,4.1,0
25,20196.07,696,28353.36,36,0.05,4.2,0
51,65974.59,727,17656.68,24,0.1265,10.6,0
26,81193.73,556,9182.52,36,0.1883,0.7,0
31,73419.84,710,11873.82,60,0.1661,7.9,1
49,77395.94,743,17979.51,60,0.4251,0.2,1
46,76671.06,712,24139.83,36,0.167,3.1,0
35,55625.2,623,22816.83,36,0.2846,12.5,0
38,54355.79,801,13537.37,36,0.05,8.7,1
50,71044.36,734,19065.75,24,0.1257,23.8,0
44,89351.0,663,22350.6,12,0.2311,10.9,0
22,74608.36,610,34960.99,36,0.1036,10.8,0
49,69773.4,704,19874.78,24,0.05,4.3,0
35,57690.33,780,23317.25,36,0.05,7.7,0
21,71788.01,579,20579.84,60,0.3285,5.6,1
55,54887.11,656,9543.03,60,0.0727,4.1,0
45,76672.47,592,24217.04,60,0.5061,0.8,0
43,76201.05,727,21980.94,36,0.1746,4.0,0
61,94072.09,757,24405.14,36,0.05,1.5,0
40,34046.01,619,23910.24,36,0.0821,0.2,0
47,86023.84,850,43071.5,48,0.2336,1.6,0
34,91445.25,717,30933.9,36,0.2402,0.8,0
63,65813.29,734,21548.42,48,0.1793,3.7,0
24,44100.93,714,23410.57,24,0.4037,3.0,0
21,62335.29,609,15486.35,36,0.1149,1.1,0
64,94982.8,612,32289.07,36,0.2528,1.2,0
32,52741.72,786,9943.22,48,0.1957,1.4,0
42,37821.75,736,4699.82,48,0.16,5.5,0
38,40456.25,734,20681.1,24,0.4602,6.3,1
34,61652.91,630,29239.85,60,0.1747,5.9,0
59,29091.1,447,30724.3,60,0.225,6.2,0
36,86458.68,772,22508.59,36,0.2361,11.0,0
36,66986.97,801,2453.19,36,0.1225,0.2,1
35,91849.89,733,5326.06,24,0.1132,0.5,1
34,79539.74,638,13982.71,12,0.1787,1.3,0
44,84846.37,592,12835.88,48,0.1268,8.5,0
37,25255.06,646,30800.73,24,0.07,5.7,0
36,75312.5,799,28604.82,36,0.4056,2.1,0
51,72021.67,736,12294.71,48,0.2287,19.9,0
37,73637.15,557,17092.24,36,0.2742,1.5,0
55,90030.14,628,2000.0,36,0.4186,3.2,0
36,55676.94,653,34879.67,36,0.1062,0.4,0
22,82194.44,741,35756.69,24,0.2194,1.0,0
40,18000.0,553,16700.11,36,0.2319,0.2,0
40,56629.24,702,39049.65,36,0.1966,2.1,0
55,67046.14,732,22882.05,36,0.2529,14.2,0
24,64373.19,689,14557.55,48,0.3739,15.1,0
48,93020.83,613,27063.12,36,0.2188,0.6,0
23,77056.99,558,12896.59,36,0.1888,2.0,1
43,88328.71,605,20890.05,24,0.3217,6.2,0
24,60774.99,691,10992.86,60,0.3756,4.9,0
64,78907.52,537,14967.33,24,0.0756,0.1,0
39,60733.89,664,4850.49,12,0.0667,0.3,0
48,41744.74,646,36097.42,60,0.2498,5.1,0
41,52417.15,627,17660.47,36,0.1149,3.9,0
30,27970.64,727,22505.18,36,0.2381,1.2,0
33,35361.39,736,14486.15,48,0.1775,4.8,0
63,88258.25,695,17546.21,24,0.3164,0.1,0
64,90180.11,737,10101.77,24,0.2436,1.5,0
50,62717.85,588,17129.63,24,0.2236,0.1,0
41,71044.24,850,25329.03,48,0.3241,9.9,0
29,61600.14,619,8261.59,60,0.1899,5.3,0
33,79300.42,509,19234.32,60,0.11,20.9,0
28,70642.16,697,27343.66,36,0.3654,7.4,0
47,79559.37,628,24260.01,12,0.3052,0.1,0
47,84983.4,698,26548.98,12,0.1627,1.2,0
28,83542.29,683,26349.96,48,0.326,2.1,0
29,47054.36,699,15589.48,48,0.1993,24.6,0
41,33100.54,719,14345.34,48,0.1268,7.9,0
51,117614.21,662,38813.09,60,0.0808,4.7,0
63,60165.54,673,27988.14,36,0.2732,3.7,0
41,20288.94,715,11913.72,48,0.126,1.1,1
44,67772.01,720,24777.11,36,0.298,0.8,0
36,41571.47,688,23609.34,24,0.05,0.1,0
53,51684.69,689,29893.06,36,0.087,0.5,1
58,86340.82,707,20733.56,36,0.1691,11.3,0
24,61804.73,648,29954.63,60,0.4892,2.3,0
33,41947.91,695,30268.5,36,0.2075,0.9,0
62,66693.75,665,28873.99,60,0.1338,9.6,0
34,86875.39,672,34646.99,12,0.1674,2.6,0
48,53384.77,642,31720.68,36,0.1885,4.2,0
44,58077.4,761,11057.03,36,0.0821,10.3,0
53,88618.26,541,35377.08,36,0.2689,3.2,1
25,51053.2,545,12532.94,48,0.1357,3.0,0
36,71846.43,774,27420.9,24,0.1572,0.0,0
32,46465.06,785,21121.71,48,0.1151,5.3,0
43,43230.83,560,42941.63,48,0.3971,9.7,0
63,49595.82,741,2000.0,12,0.2281,0.1,1
30,74585.68,597,15041.44,60,0.0626,0.7,0
41,52090.77,529,11248.22,24,0.1044,5.4,0
32,71203.71,665,13895.5,60,0.3741,1.6,0
21,56874.23,651,33145.91,36,0.1193,6.3,0
34,59541.91,816,12518.19,36,0.2381,2.2,0
52,45477.37,800,34579.85,36,0.2207,4.8,0
51,69071.49,641,14613.91,24,0.3276,7.0,0
29,94336.75,644,20826.49,24,0.3088,12.6,0
59,73257.64,749,9263.25,36,0.1235,9.7,0
25,41570.03,671,25901.97,36,0.2655,3.4,0
40,60583.71,801,21073.99,48,0.2633,21.1,0
42,46334.83,746,27613.01,24,0.209,1.3,0
55,74814.34,733,6645.49,12,0.1499,0.6,0
49,68233.26,789,14165.04,36,0.1303,4.5,0
29,62278.88,647,17115.79,48,0.1242,3.0,0
54,86018.28,647,17416.05,36,0.2658,0.6,0
50,89743.31,621,12667.05,48,0.05,7.7,0
41,79566.58,660,5031.04,48,0.2386,14.3,0
61,94716.74,593,17067.89,36,0.1534,6.0,0
45,54936.17,600,8909.25,36,0.2483,2.7,0
61,51227.98,697,18577.13,60,0.1241,9.9,1
61,56019.45,800,12262.47,12,0.3817,1.2,0
30,98293.58,678,31303.65,36,0.0934,8.2,0
36,80071.88,677,19010.74,48,0.05,12.3,0
56,50017.61,749,20702.83,36,0.1888,3.0,0
32,52854.91,746,21884.02,48,0.2081,3.2,0
31,70284.45,686,11272.87,24,0.3503,4.4,0
64,67234.88,629,2000.0,24,0.1052,3.3,0
23,81181.53,719,12158.13,48,0.05,13.9,1
53,65823.62,614,14947.82,36,0.1573,3.9,0
54,54980.81,632,19903.27,48,0.2164,3.4,0
25,49346.76,580,30440.9,36,0.4061,1.3,0
33,53548.71,688,10134.3,60,0.2348,0.0,1
41,60966.64,764,16026.6,60,0.2106,0.3,0
63,78174.66,538,21529.48,24,0.1597,5.7,1
62,36767.63,580,24277.57,12,0.1793,0.1,1
26,60136.56,623,19569.91,24,0.1564,6.4,0
36,67984.44,588,16379.23,36,0.3498,4.0,1
56,42495.2,694,13112.81,36,0.0758,18.2,0
36,55608.07,492,7936.87,36,0.0776,4.1,0
63,63289.35,660,19974.58,36,0.3474,4.7,0
32,32509.43,587,2000.0,36,0.0894,1.4,0
60,18000.0,727,23585.41,12,0.2395,27.1,0
32,57752.34,705,20137.88,24,0.3006,7.4,0
24,85742.62,714,29331.34,48,0.205,0.6,0
27,87541.45,806,19220.27,48,0.1266,2.0,0
49,83413.47,648,11187.69,24,0.2091,1.7,0
35,79320.29,780,33605.28,36,0.1661,1.7,0
23,68542.93,520,23895.33,36,0.2314,5.7,0
23,80428.43,526,30495.88,48,0.0854,0.1,1
38,59590.06,586,36352.15,36,0.427,1.3,0
61,57322.39,736,14044.47,36,0.269,5.0,0
21,104466.89,716,20159.11,48,0.2062,4.5,0
43,83396.9,601,10321.97,12,0.2684,20.1,0
26,64472.17,663,26773.43,24,0.1981,2.0,0
58,38288.51,674,26191.86,24,0.0705,1.2,0
50,79628.44,560,19948.49,36,0.396,11.8,0
50,61962.86,588,12048.06,36,0.2009,7.1,0
64,49451.17,660,21279.94,48,0.1478,6.2,0
30,88278.86,672,22870.43,60,0.2055,1.0,1
33,22485.05,646,7316.68,12,0.0644,4.5,0
35,79727.33,684,16177.46,36,0.3232,4.4,0
27,108090.4,777,13270.3,48,0.3591,13.2,0
51,47437.31,677,23444.48,36,0.4866,2.5,0
61,73850.57,756,24959.5,24,0.0727,1.1,0
52,62215.69,640,11781.45,24,0.0579,3.2,0
42,63546.79,782,48785.58,60,0.1354,6.3,0
53,35823.64,673,26745.81,12,0.3551,0.8,0
46,71226.99,472,25188.95,48,0.3233,2.6,0
47,73222.91,736,12187.95,60,0.2868,2.2,0
52,50065.04,776,12089.31,36,0.234,2.3,0
52,85806.72,683,23347.46,24,0.4318,8.6,1
48,88221.98,600,16603.36,60,0.4406,9.4,0
26,38657.25,640,12563.29,12,0.0552,3.6,0
26,75925.54,703,17926.68,12,0.05,2.8,0
31,34644.79,754,34165.23,60,0.1223,1.2,0
28,69677.02,634,29534.06,48,0.217,6.8,0
41,80969.32,682,16864.05,12,0.3763,17.5,0
27,47835.32,564,16369.08,12,0.2963,0.1,0
27,31862.69,768,2000.0,48,0.2423,4.5,0
46,80957.26,747,30794.06,12,0.05,5.4,0
22,31147.38,718,25962.7,36,0.2938,2.5,0
44,58404.1,660,17971.28,24,0.05,9.3,0
31,33168.17,797,23810.74,36,0.2935,4.7,0
47,73676.72,609,18405.45,36,0.1025,3.1,0
26,96972.21,676,13556.84,36,0.3593,10.9,0
45,68708.28,652,18869.84,60,0.3508,3.9,0
24,100941.42,500,21534.73,60,0.0847,1.3,0
58,57055.6,654,21486.88,36,0.1067,8.6,0
35,87223.57,525,23127.47,36,0.1031,9.1,0
36,66413.08,724,12689.29,24,0.05,0.4,0
24,87408.61,690,18123.12,48,0.2836,4.4,0
63,40451.44,748,21881.67,36,0.2051,10.8,0
52,83142.68,746,35655.54,60,0.05,0.2,0
41,74784.11,595,16913.99,48,0.3195,0.7,0
44,31354.34,608,22828.8,36,0.2414,6.5,0
30,49510.07,678,17463.09,60,0.0775,0.4,0
42,82472.04,850,34638.43,36,0.1807,23.1,0
22,97741.18,617,19192.95,36,0.1126,4.4,0
23,77975.19,554,21327.88,48,0.2952,2.1,0
64,107424.22,795,11224.4,36,0.32,18.5,0
39,59411.57,797,14714.58,48,0.1613,3.5,0
45,74741.28,563,21100.74,36,0.1751,4.4,0
38,37273.09,731,25853.96,48,0.1786,1.4,0
34,20639.53,525,19748.31,60,0.1187,0.3,0
56,104289.8,675,23994.87,12,0.1438,3.2,0
25,66177.89,614,36904.58,36,0.05,2.5,0
56,45278.39,653,18400.19,24,0.05,1.4,0
53,70995.35,558,14870.5,36,0.2521,1.2,0
54,91888.36,764,26337.7,24,0.1165,0.7,1
23,64270.58,683,18031.62,36,0.1723,3.2,0
28,39103.53,638,19912.7,24,0.2623,1.4,0
30,84370.26,575,33925.87,24,0.2183,5.4,0
45,44667.14,738,24543.91,36,0.3665,6.5,0
25,48764.05,731,5191.06,12,0.3773,0.8,0
23,50480.36,695,30143.4,24,0.507,9.2,0
61,68046.02,794,37001.75,24,0.1153,9.9,1
33,74687.66,526,2000.0,12,0.1258,16.8,0
42,62714.71,669,20480.24,48,0.0897,0.2,0
58,74015.55,619,11870.95,36,0.3019,3.0,0
64,80268.8,598,7530.23,24,0.2839,0.2,0
36,86326.4,736,18728.17,60,0.131,0.1,0
35,23566.03,744,26522.61,12,0.139,13.7,0
55,20722.32,633,7739.73,48,0.4713,4.4,1
50,74206.2,616,17407.3,24,0.0817,3.9,1
48,100872.8,710,11237.43,24,0.106,0.2,1
25,79469.77,733,19709.75,12,0.2182,5.5,0
60,46467.84,608,9330.32,36,0.147,4.9,0
56,88366.2,689,13157.75,36,0.1754,7.4,0
44,57785.4,695,22986.51,48,0.4241,6.7,0
60,73044.27,642,20856.04,36,0.1391,2.1,1
60,68700.58,750,2000.0,48,0.2093,3.0,0
28,63756.34,596,13435.69,60,0.0645,7.0,0
30,85671.14,721,19226.71,36,0.1303,0.9,0
37,128453.11,667,14895.64,36,0.4463,10.4,1
46,89676.88,610,11105.59,36,0.1116,3.3,0
35,86604.72,555,16331.72,60,0.2015,7.1,0
38,82272.75,676,27050.57,24,0.1841,3.0,0
30,39549.31,614,15711.33,12,0.3296,6.7,0
21,75160.03,595,16356.3,48,0.205,9.7,1
25,42864.33,736,24856.73,36,0.0758,1.2,0
50,33075.66,672,16269.37,48,0.0844,5.4,0
52,77118.18,529,18029.57,36,0.0804,0.5,0
60,42561.38,688,22329.57,36,0.1476,3.7,0
42,55835.73,767,31357.23,12,0.1519,0.4,0
25,62125.61,622,15138.62,24,0.1186,18.4,0
47,47389.86,613,27424.27,60,0.2463,0.6,0
41,39961.89,571,27674.07,24,0.3073,4.1,0
64,33565.14,632,21235.64,60,0.2411,16.8,0
40,73353.63,708,18724.05,36,0.439,6.3,0
30,60149.3,644,25089.34,36,0.2023,1.0,0
51,62982.36,764,24167.54,36,0.3015,3.5,1
46,77374.56,643,38081.52,36,0.3359,8.6,0
22,67527.6,617,17578.27,36,0.2184,9.0,0
60,23668.07,673,14888.96,48,0.1131,4.1,0
26,43532.96,634,19004.13,36,0.3317,3.6,0
37,42054.07,692,24205.6,36,0.2733,0.2,1
58,29478.21,696,12211.07,12,0.0668,13.3,1
21,39848.1,601,23835.51,24,0.1649,1.4,0
63,53891.87,625,20915.86,48,0.2542,1.8,0
55,61636.55,768,14660.15,48,0.1413,2.9,0
39,57908.11,705,22052.77,36,0.2915,0.0,0
49,75385.94,597,25359.5,12,0.124,2.8,0
24,28363.2,582,25955.3,36,0.0938,4.0,0
24,61138.62,573,22209.04,24,0.4113,0.3,1
52,92514.2,552,26258.62,48,0.1805,4.2,1
27,100485.93,714,27621.05,36,0.1501,1.9,0
64,60651.74,734,9755.57,24,0.4987,3.7,0
24,77807.83,765,6549.25,24,0.159,0.7,1
63,39611.12,622,21752.79,60,0.1467,1.7,0
44,37729.79,770,39498.14,36,0.213,12.8,0
54,66850.3,641,3775.35,24,0.1918,1.5,0
58,56931.91,760,32881.08,24,0.2782,7.1,0
58,61659.23,704,26850.76,48,0.3012,14.9,0
39,66340.44,709,19077.12,48,0.3392,2.6,0
33,89148.79,697,8087.55,24,0.05,4.4,0
57,36763.11,719,24555.34,36,0.1637,3.2,0
32,66908.81,700,25816.63,24,0.2275,22.7,0
62,39654.64,728,13159.97,24,0.2087,2.1,0
57,88289.62,724,33108.24,24,0.4591,6.6,0
28,33265.38,579,26702.22,48,0.2444,0.6,0
28,57588.24,705,17028.33,36,0.1274,6.9,0
63,59990.75,614,15198.23,60,0.3438,1.1,0
39,61502.67,618,13684.19,36,0.05,12.7,0
25,42963.34,681,26396.3,60,0.5424,2.2,0
35,31343.68,674,14632.16,48,0.2016,0.5,0
25,72551.14,749,12160.34,48,0.0864,0.2,0
59,59716.94,636,18939.04,48,0.2251,0.3,0
37,53024.0,719,2000.0,12,0.2767,11.9,0
41,37292.48,578,18633.17,36,0.4514,4.0,0
39,18000.0,682,3004.13,36,0.0765,6.9,0
42,84583.86,678,15831.85,36,0.1171,5.2,0
31,62454.73,662,28315.16,48,0.338,13.5,0
34,69881.44,600,14955.13,60,0.3054,0.7,0
24,36584.04,731,26553.0,24,0.1699,3.0,1
34,65876.53,634,27430.3,12,0.197,5.8,0
62,61646.57,685,19526.56,48,0.1444,3.3,1
42,81816.71,625,4283.44,48,0.1635,1.6,0
45,68775.17,697,6539.77,48,0.187,9.8,0
62,89423.83,717,8528.22,60,0.106,6.4,0
64,46549.26,664,18812.89,48,0.1547,0.3,0
54,84751.31,596,6784.51,48,0.3547,0.5,0
39,42723.99,596,13065.97,36,0.1743,0.1,0
53,99977.29,667,18201.61,48,0.1583,6.3,0
26,83607.53,748,18312.4,36,0.1406,7.3,0
53,18000.0,772,7924.18,48,0.1642,3.9,0
59,45359.07,850,22561.31,48,0.2728,30.9,0
28,66003.56,730,15227.11,24,0.0717,1.4,0
42,58360.81,769,10890.26,36,0.2079,1.7,0
53,47953.0,631,23642.53,48,0.05,0.7,0
60,81032.7,620,20351.88,36,0.0946,5.9,0
40,55596.7,738,8829.04,24,0.1551,3.5,0
26,26154.38,755,21381.0,48,0.3524,7.1,0
37,45963.75,628,11038.48,36,0.1209,7.9,0
57,75573.17,633,19397.73,60,0.1777,3.9,0
33,54509.99,754,14552.36,36,0.3232,9.2,0
45,71026.09,691,14813.83,48,0.05,0.2,0
32,78320.09,850,13353.23,36,0.1011,0.6,1
56,37502.48,547,21921.0,36,0.2343,11.0,0
38,66151.01,617,31873.87,12,0.1494,7.9,0
49,64986.66,727,8994.46,36,0.2597,4.0,0
59,56271.61,636,27363.07,48,0.1285,10.0,0
31,73307.52,582,5971.55,48,0.1008,0.4,0
42,41054.5,609,36401.72,24,0.3547,4.3,0
58,68454.69,665,14180.9,24,0.3285,3.2,0
31,18000.0,726,17224.35,12,0.1039,3.7,0
30,78359.98,767,28164.61,36,0.0741,3.7,0
28,109093.03,836,14421.62,24,0.0958,3.3,0
22,67783.32,696,20240.17,12,0.3017,6.4,0
35,65920.21,694,9683.81,36,0.4612,4.0,0
37,64987.69,742,19980.41,60,0.1638,3.0,0
25,69228.9,668,6044.51,36,0.1691,8.5,0
53,55675.62,748,13122.37,24,0.0843,4.5,0
26,87996.85,611,18524.49,36,0.1983,3.3,0
53,87390.06,798,26128.98,24,0.0744,9.3,0
47,46293.38,692,28430.9,36,0.2225,3.1,0
51,66917.39,564,11506.99,36,0.186,1.0,0
54,80907.76,579,20369.36,24,0.2492,5.0,0
33,62905.77,561,22687.23,36,0.186,0.2,0
60,109063.96,714,17068.78,24,0.3923,8.6,0
42,63591.19,668,4553.03,36,0.3814,17.6,0
52,112588.22,719,32080.94,36,0.1047,0.1,0
21,41367.66,701,10087.65,36,0.3117,2.6,1
35,108222.4,730,11830.27,36,0.0949,8.9,0
53,96860.06,750,21759.05,36,0.1853,2.8,0
46,73206.47,597,17556.31,36,0.2516,9.5,0
37,91810.58,613,27985.54,48,0.05,14.4,0
33,35659.67,666,3433.95,60,0.1165,2.7,0
24,55607.6,728,23161.66,12,0.3941,2.1,0
42,78698.59,773,25797.11,24,0.1349,1.6,0
27,31814.05,686,11136.77,36,0.151,5.9,1
59,57078.74,626,26593.08,60,0.2755,4.2,0
31,32568.95,545,13988.02,24,0.2333,5.5,1
47,82288.9,591,25550.98,36,0.1121,6.7,1
61,58535.22,664,17641.32,48,0.3403,5.6,0
43,54828.24,589,14088.96,36,0.2115,3.0,0
58,61221.04,546,24930.75,48,0.3949,4.6,0
28,80110.97,728,16068.13,36,0.2109,0.8,1
63,110069.89,758,27835.85,24,0.05,0.9,0
56,105294.21,826,19143.93,24,0.1041,6.7,0
37,42961.56,722,18313.35,48,0.2626,9.7,1
46,76156.96,614,29312.74,48,0.2516,4.0,0
45,74918.85,740,7993.69,48,0.05,3.3,0
55,59177.86,696,13554.36,48,0.2823,4.1,0
41,63519.45,697,20382.92,24,0.1891,4.3,0
58,36712.34,723,27177.37,12,0.1191,1.6,0
34,58603.78,615,16218.59,60,0.3835,1.3,1
27,69195.73,761,39181.05,24,0.3645,13.1,0
61,57361.66,627,27752.82,12,0.1146,6.6,1
44,59256.98,646,9761.27,24,0.232,3.0,1
29,84185.4,615,17273.23,48,0.05,5.3,0
56,65074.27,622,16841.56,24,0.2874,8.9,1
59,38475.32,729,26979.99,48,0.1101,6.9,1
55,83150.41,634,29554.31,24,0.1852,3.2,0
39,54723.08,657,33897.65,36,0.192,9.2,0
24,30946.78,606,2000.0,12,0.1931,5.0,0
27,89734.28,707,29318.83,60,0.3894,7.6,0
61,84120.58,752,7231.36,24,0.1536,7.9,1
60,42144.23,700,28590.49,48,0.2937,6.5,0
59,79217.15,750,18746.15,36,0.5137,7.6,0
41,18000.0,581,16717.34,48,0.1644,2.3,1
28,44179.68,777,12047.84,48,0.0605,7.1,0
59,49108.02,697,15932.09,36,0.1429,0.4,1
34,68716.44,801,41013.02,36,0.1707,1.8,0
53,120536.72,696,19081.0,36,0.2088,6.0,0
32,71229.76,796,25687.11,36,0.4272,14.1,1
64,77657.46,608,29061.47,36,0.0738,2.6,0
40,81662.13,539,2000.0,36,0.1595,13.5,0
45,84073.71,689,25046.68,36,0.2049,1.2,0
46,84061.19,760,2000.0,48,0.1847,5.3,0
48,44506.43,686,7961.87,48,0.1185,9.8,0
52,32349.23,747,5212.12,12,0.2566,1.9,0
42,38395.67,702,37495.7,36,0.3021,0.6,1
47,66694.24,588,15898.69,36,0.1659,2.0,0
43,71535.23,553,25594.85,12,0.05,3.0,0
57,61440.18,826,42406.65,24,0.1746,3.9,0
49,53040.96,708,15376.26,24,0.1887,9.1,0
28,79996.1,610,22450.18,36,0.1885,2.7,0
38,61237.41,675,35050.58,36,0.2681,0.3,0
31,47599.89,677,31802.68,36,0.385,0.0,0
28,63492.4,721,35068.35,48,0.1709,1.7,0
46,26285.3,644,11999.27,24,0.1134,8.9,0
36,60113.58,621,11708.47,48,0.1568,1.0,0
38,54668.7,731,19980.63,48,0.0636,2.7,0
21,82006.02,699,6322.46,12,0.1632,5.1,0
43,82595.74,689,30159.81,48,0.2729,2.4,0
46,99187.1,621,18346.48,60,0.2907,4.5,0
31,39351.2,850,20166.65,48,0.1188,15.0,0
62,88752.99,716,25373.74,36,0.2259,0.0,0
54,75372.68,735,23504.63,48,0.1846,6.5,0
50,39403.84,693,9491.9,60,0.1967,19.8,0
22,18000.0,701,16070.44,36,0.1817,2.3,0
55,85058.84,678,16404.08,36,0.0983,6.2,1
54,80501.33,676,12354.35,48,0.3324,0.7,0
57,54471.24,762,20435.5,12,0.0976,16.8,0
22,62696.31,797,20497.84,48,0.1286,1.2,0
40,85966.04,693,33811.91,48,0.3109,0.9,0
64,38911.17,729,21529.37,48,0.1573,3.8,0
53,85768.14,785,7425.41,24,0.153,10.2,0
61,60642.54,639,21162.79,36,0.233,3.6,0
63,47062.56,641,10107.14,36,0.05,21.1,0
59,79522.1,703,24519.44,36,0.3159,8.9,0
24,66379.58,589,11077.35,36,0.1369,12.7,0
33,53266.39,620,22491.73,24,0.327,1.4,0
55,71916.81,661,2000.0,12,0.0934,0.7,0
42,66322.2,798,21828.97,60,0.1505,2.1,0
40,18000.0,776,15123.01,36,0.4299,11.2,0
49,63590.66,521,23248.18,36,0.1347,1.5,1
51,43595.74,603,14029.97,24,0.2347,0.5,0
23,50899.15,773,27985.34,48,0.2077,2.5,0
27,80432.93,703,14505.35,60,0.2281,1.1,0
48,63322.05,735,35803.15,36,0.1984,6.5,0
37,59766.18,712,19508.56,48,0.2231,0.7,0
64,86601.78,602,17348.93,36,0.2325,5.8,0
27,66526.09,686,23235.11,48,0.1253,7.5,0
31,103449.12,591,23043.82,24,0.2203,0.9,0
26,96881.45,745,2000.0,36,0.1385,5.8,0
54,98409.73,595,8840.3,24,0.0974,7.7,0
30,68680.58,663,20683.99,48,0.072,16.8,0
40,97174.69,689,16972.28,48,0.2465,3.5,0
49,57769.44,687,11137.5,60,0.1113,0.0,0
44,64174.98,693,19397.83,24,0.1351,6.4,0
60,47748.4,550,23680.2,48,0.05,0.9,0
34,56164.63,583,23354.52,60,0.1238,12.4,0
35,41317.51,790,24920.16,36,0.1833,0.3,0
49,51672.7,601,14949.91,24,0.1455,10.5,0
32,67972.38,762,20672.09,48,0.0825,0.6,1
41,90933.52,767,35105.55,36,0.0958,7.6,0
50,18000.0,691,2000.0,24,0.2701,9.5,0
44,70621.39,614,12625.67,48,0.2066,21.4,0
26,52764.66,748,7054.22,24,0.1495,11.1,0
60,63227.55,577,28308.54,36,0.1299,14.6,1
43,82970.45,687,11483.04,24,0.1368,3.0,0
36,38931.69,737,18067.06,36,0.1276,1.2,0
32,64101.45,588,26173.26,36,0.1542,12.3,1
35,88996.49,656,21666.22,60,0.3306,2.7,0
46,80158.07,723,32738.88,48,0.1696,2.6,0
57,18000.0,712,17879.4,60,0.2498,4.6,0
28,44923.27,563,20402.0,36,0.05,20.6,0
31,63238.73,645,36744.56,24,0.0817,1.2,0
29,56195.74,635,17722.53,36,0.0543,1.2,0
46,91704.21,719,25753.44,12,0.0892,8.8,0
46,35094.88,645,10909.01,36,0.1707,0.8,0
46,57264.25,629,18581.13,48,0.1867,1.9,0
64,66559.59,751,16874.91,36,0.0724,12.9,0
47,37692.85,750,18478.92,24,0.1285,7.5,0
46,52125.03,589,26208.61,36,0.1016,4.8,0
40,21916.5,742,9149.56,36,0.2972,8.1,0
60,83396.86,666,11425.01,12,0.0723,8.1,0
54,90071.48,768,20209.92,24,0.223,0.1,0
40,47134.13,691,19967.44,36,0.1951,4.1,0
33,79958.65,693,20818.12,12,0.2414,1.7,1
56,52647.78,653,9326.1,36,0.0726,2.3,0
33,31759.59,704,23198.85,48,0.1014,3.9,1
43,91581.43,727,28449.64,48,0.1548,4.0,0
53,87426.49,581,23322.84,36,0.188,9.2,0
29,35590.58,466,32663.76,24,0.1568,2.2,0
27,49194.51,676,18334.16,48,0.078,4.3,0
55,98646.07,690,21736.28,36,0.3183,6.3,0
47,70491.96,709,33625.98,36,0.0929,14.3,0
59,106082.58,754,17286.56,60,0.16,16.8,0
40,75095.61,760,18654.86,48,0.05,5.2,0
49,67518.47,668,17625.91,48,0.0773,9.3,0
26,30653.93,654,17819.62,24,0.1273,1.3,0
48,35434.82,744,5729.73,36,0.05,3.0,0
60,45285.47,659,9574.41,36,0.3089,0.1,0
28,68206.49,648,36336.1,36,0.1089,10.8,0
35,18000.0,649,19274.45,60,0.2343,15.3,0
23,63051.26,699,20889.82,36,0.0899,4.3,0
27,26249.93,708,41693.46,24,0.05,3.6,0
45,61302.52,607,22397.42,24,0.05,4.4,0
23,75056.88,644,16310.62,36,0.3099,2.3,1
22,77608.07,475,27126.98,36,0.1798,0.9,0
56,56154.79,649,27870.66,24,0.1494,3.3,0
45,66569.13,591,18445.44,48,0.3394,3.7,1
50,49343.49,806,25984.44,24,0.1813,0.1,0
53,40684.36,791,32501.41,24,0.3094,3.2,1
41,35772.02,565,5388.37,36,0.1977,0.3,0
52,84765.21,593,21944.62,12,0.05,5.5,0
32,56041.84,743,29627.7,48,0.4572,0.1,1
48,42162.01,586,23500.98,60,0.187,10.8,0
33,121529.14,708,21400.68,48,0.3982,1.6,0
62,60733.79,668,30703.85,48,0.2962,14.1,0
44,68327.1,599,16182.41,48,0.2542,9.8,0
49,70996.52,699,27339.98,36,0.0898,4.7,0
30,84050.96,688,29867.9,48,0.0541,8.3,0
44,84514.68,822,18647.34,60,0.0892,1.6,0
63,67272.14,663,27015.23,24,0.159,4.1,1
43,76277.35,630,25240.0,36,0.3133,8.6,0
42,46107.14,644,24093.32,24,0.0901,3.9,0
39,79054.71,739,26754.37,48,0.2289,7.3,0
28,62558.29,578,27856.45,60,0.084,1.0,0
38,62980.15,651,32128.21,24,0.175,15.8,0
46,91449.25,830,23253.3,36,0.3132,6.5,0
23,27069.88,846,20135.72,60,0.2592,5.5,0
29,62439.41,648,2000.0,60,0.0997,0.5,0
42,63091.49,732,20126.27,36,0.1593,4.7,1
37,70070.9,755,17795.35,24,0.1463,5.2,0
24,54236.74,686,28084.55,36,0.2721,1.6,0
64,71186.87,635,25016.82,36,0.2269,7.2,0
23,42335.26,649,15963.39,36,0.1935,14.9,1
28,77706.76,626,2000.0,36,0.1348,8.3,0
40,100203.6,594,19673.54,60,0.1723,5.7,1
23,18000.0,631,17261.56,48,0.5498,0.1,1
36,94227.09,755,11964.94,24,0.0946,8.7,0
22,74918.16,714,25324.45,12,0.1673,8.5,0
45,72285.22,561,10038.31,36,0.1542,16.9,0
53,43701.62,716,33626.63,60,0.2329,14.2,0
54,55878.45,614,22360.68,48,0.1344,9.1,0
56,79193.72,697,12933.34,36,0.05,7.3,0
33,68118.74,575,14418.09,24,0.3308,8.9,0
40,108102.63,841,23824.25,36,0.1408,1.7,0
28,45857.51,715,18203.71,60,0.4177,6.6,0
29,18000.0,658,20168.95,36,0.0564,0.0,1
34,69632.03,643,28355.94,24,0.1096,12.6,0
62,18000.0,738,19894.5,36,0.2245,4.6,0
61,91338.2,781,12128.83,36,0.1945,6.1,0
44,74623.7,803,13470.93,24,0.0728,7.0,0
57,18000.0,709,2000.0,24,0.0953,0.9,0
51,30844.69,675,11625.61,36,0.1077,4.9,0
31,77485.88,703,30722.41,60,0.1677,0.7,0
64,80401.83,649,34427.88,36,0.0956,10.3,0
57,92989.87,610,18148.94,36,0.2678,5.6,0
41,91177.6,579,9749.34,48,0.1783,1.0,0
52,67678.69,579,30823.28,48,0.0565,5.8,0
22,48836.46,743,25305.45,48,0.05,8.7,0
60,31608.42,746,8558.48,48,0.1421,6.7,0
42,28275.63,729,26908.19,36,0.3707,10.2,0
25,30909.22,616,21711.82,48,0.2095,1.4,0
62,110332.79,720,29941.32,12,0.3605,17.0,0
42,76161.69,666,23275.51,36,0.2242,0.6,0
62,81711.12,605,7116.93,24,0.0868,1.3,0
31,51156.11,711,22378.63,24,0.0537,2.9,0
32,50676.59,728,25641.31,36,0.2811,3.9,0
51,46523.57,522,21915.41,60,0.05,0.2,0
23,58633.98,673,9960.71,12,0.2975,7.5,0
35,61311.5,664,32033.35,24,0.1234,0.1,0
54,64955.79,732,27116.84,48,0.1168,2.6,0
63,35323.06,627,17357.27,36,0.1567,7.1,0
57,43555.69,661,28077.34,24,0.2042,0.1,0
37,70069.66,764,24444.2,36,0.05,12.3,0
50,47992.92,706,10311.21,60,0.0598,7.0,0
49,71576.74,650,33558.5,48,0.3667,0.7,0
50,120956.18,710,22987.1,36,0.4284,5.3,0
36,65058.55,668,26906.04,60,0.3657,1.2,0
38,71375.73,702,8775.4,12,0.2604,10.7,0
25,38376.55,675,20950.34,48,0.1537,5.9,0
57,57551.24,696,13235.1,36,0.2999,3.4,1
38,69430.91,629,21094.89,36,0.2292,0.6,0
51,65262.42,805,8650.8,24,0.2046,0.5,0
30,66718.64,719,22729.71,12,0.0645,3.1,0
63,49154.11,643,17516.03,36,0.0635,3.6,0
56,61114.32,727,32667.59,36,0.0675,7.6,0
51,68590.63,698,11589.4,48,0.1737,10.2,0
53,50592.73,597,9363.91,36,0.0672,5.0,0
38,65257.9,676,24666.48,36,0.4203,2.6,0
42,42688.17,689,16859.77,48,0.2644,2.6,0
61,41317.06,673,30399.42,36,0.1925,6.9,0
21,99615.07,552,20833.37,48,0.2539,7.6,0
30,33939.26,627,27911.56,12,0.1118,1.4,0
49,41738.68,609,6056.82,36,0.3668,0.7,0
42,60796.63,581,24645.42,36,0.3353,6.8,0
32,101675.37,834,22413.7,60,0.228,5.6,0
45,31667.07,735,22956.15,36,0.2356,12.7,0
58,83086.68,658,11530.35,36,0.1962,7.4,1
57,46338.88,619,28882.93,24,0.1717,3.3,0
32,84080.24,715,10986.89,36,0.356,3.9,0
28,95996.27,673,17549.82,48,0.4212,5.2,0
49,79642.87,731,23619.8,36,0.091,11.5,0
43,76429.32,794,23312.84,48,0.0716,2.5,0
35,59536.12,677,20751.59,36,0.4135,8.2,0
55,44726.88,630,19797.93,48,0.226,3.4,0
35,65611.66,569,11001.85,36,0.2179,1.3,0
21,80941.71,806,14829.2,36,0.1111,1.9,0
62,54484.08,649,16034.77,36,0.1187,6.7,0
24,68545.66,670,12451.55,36,0.204,3.2,0
57,37823.55,593,10451.88,48,0.0701,1.2,0
28,42892.08,613,26266.78,48,0.143,13.6,0
40,49804.43,775,32529.29,48,0.1021,1.5,0
44,69465.83,704,26625.29,36,0.1082,11.5,0
35,68977.03,684,18280.28,12,0.146,1.9,0
57,84295.81,770,10609.65,24,0.3669,1.8,1
60,49357.19,695,17527.58,36,0.4525,1.9,0
23,70958.54,644,22968.55,36,0.188,16.6,0
22,45103.81,792,10496.69,36,0.0545,2.1,0
56,50879.02,831,28762.42,12,0.1316,3.0,0
58,39171.07,534,24660.54,36,0.1213,4.7,0
41,68298.21,674,22212.06,60,0.1168,3.6,0
21,52553.42,624,10716.11,24,0.1718,3.4,0
55,76217.89,612,16729.18,48,0.2893,0.7,0
24,73644.54,619,25827.74,36,0.3976,2.2,0
32,81161.92,643,25311.08,12,0.1836,2.1,1
27,56310.83,669,21964.85,48,0.05,6.4,1
49,60282.94,660,12973.59,48,0.0513,6.4,0
43,77365.38,672,20277.81,36,0.05,3.3,0
33,78863.4,634,11466.73,36,0.2819,0.5,0
35,53114.43,712,17433.63,24,0.2817,0.7,0
41,78055.44,601,6898.45,48,0.1611,2.4,0
30,97949.37,550,7698.76,36,0.2491,3.6,0
21,61387.51,657,25800.82,24,0.0835,0.6,0
55,31433.81,735,11677.56,36,0.0967,12.3,0
45,78468.51,698,10280.62,24,0.1287,0.4,0
53,41194.15,604,18886.11,36,0.2427,6.6,0
23,31661.1,706,42267.57,60,0.05,4.8,0
34,58732.1,705,12490.14,60,0.2901,0.5,0
28,43698.1,739,16673.01,48,0.05,4.7,1
35,55921.05,850,23320.04,36,0.2918,8.2,0
60,70275.02,733,2000.0,36,0.0782,2.6,0
42,89005.28,609,15269.22,36,0.1557,0.6,0
46,45602.83,642,31464.21,60,0.1247,2.3,0
39,70996.2,578,7297.81,48,0.1305,8.9,0
48,81865.35,673,7877.01,36,0.3019,3.6,0
37,46798.32,712,18771.71,36,0.0729,4.3,0
63,47909.47,621,25333.17,60,0.3273,7.0,0
28,61003.99,634,23157.64,24,0.1354,0.0,0
28,85592.78,652,15133.89,24,0.2118,0.6,0
53,85652.67,548,16457.2,36,0.0848,7.2,0
39,60150.83,824,17688.59,48,0.1157,3.1,0
46,34996.59,572,7946.34,24,0.1521,0.8,0
35,62137.3,692,24597.21,24,0.1046,1.8,0
58,80124.24,689,26146.02,36,0.1998,12.5,0
22,82849.97,546,22829.68,48,0.1528,2.9,0
44,51604.55,777,30778.39,36,0.336,0.7,0
28,64314.55,629,26532.31,36,0.0819,14.7,0
60,100337.82,689,14444.27,36,0.1228,1.9,0
22,107738.7,665,20925.35,36,0.3314,0.8,0
41,40433.17,745,19724.55,48,0.1238,5.3,0
42,124062.44,817,17873.07,48,0.1139,6.8,0
36,18000.0,792,20799.33,12,0.2995,5.2,1
43,22982.83,750,14844.93,36,0.2303,3.3,0
42,54590.2,850,31430.44,36,0.1298,2.8,0
52,98014.3,542,10996.76,36,0.1575,16.2,0
24,86597.94,592,23135.98,24,0.3199,9.6,0
61,107259.24,587,11450.52,24,0.0988,9.5,0
39,18000.0,607,6172.31,36,0.119,5.4,0
28,66907.81,636,11960.43,60,0.3196,3.9,0
61,53220.86,761,19961.46,36,0.2189,3.5,0
30,69442.51,665,29229.87,36,0.1281,0.6,0
45,76872.4,666,17534.43,36,0.1294,4.1,0
38,69458.92,663,14979.46,36,0.0817,5.5,0
23,44795.45,566,28296.34,48,0.1948,2.3,0
43,123064.8,610,8740.78,48,0.1494,12.0,1
24,83678.24,768,14545.38,60,0.1782,2.1,0
31,84428.52,772,24016.38,36,0.1998,0.2,0
23,63062.41,606,26608.19,36,0.3733,4.5,0
30,34717.82,692,23413.39,36,0.05,0.0,0
35,76325.63,691,32968.67,60,0.297,0.3,0
55,65455.15,594,22208.39,60,0.0848,5.9,0
48,36947.28,734,28679.26,36,0.3247,20.0,0
44,71846.75,624,22443.77,24,0.0977,16.7,0
43,29972.84,636,36790.08,36,0.0534,1.4,0
25,81388.97,745,20651.01,48,0.4386,3.2,1
62,100658.48,703,25985.97,48,0.2528,16.5,0
62,85130.44,665,27932.54,48,0.2361,0.5,0
62,77037.12,559,30640.45,12,0.05,3.9,0
39,56365.51,640,37451.92,36,0.3675,17.9,0
39,53613.11,619,16399.8,36,0.05,1.9,0
49,87656.5,725,13257.43,36,0.0554,12.0,0
30,40514.5,618,11502.64,24,0.2924,0.7,1
48,38254.44,715,23779.25,60,0.2488,2.3,0
21,18000.0,646,14350.23,36,0.1747,4.2,0
30,76995.33,745,29498.69,36,0.1662,0.0,0
35,92489.68,746,19845.03,36,0.05,0.3,0
54,18762.5,684,9545.64,12,0.3264,9.2,0
32,81624.71,712,22123.92,48,0.288,0.7,0
46,74613.14,671,17478.67,24,0.3141,9.2,0
61,69273.75,786,18915.28,24,0.1854,3.4,0
59,58568.97,676,21939.04,36,0.2088,13.1,0
63,66760.64,640,9671.72,24,0.1103,6.3,0
57,61354.17,509,6589.91,36,0.1088,11.1,0
62,18687.55,744,4160.62,36,0.1396,7.2,0
53,97562.39,694,16337.45,36,0.0928,0.7,0
59,47283.43,789,44996.25,60,0.201,0.6,0
38,47019.5,709,17155.92,60,0.1757,4.8,0
50,68976.28,756,9954.74,36,0.054,3.6,0
60,98487.23,646,27683.87,48,0.1011,3.5,0
41,71876.37,562,16479.21,36,0.087,1.2,0
39,72153.72,700,13274.16,36,0.1257,0.2,0
64,72690.15,647,19562.84,36,0.2273,1.9,0
54,92124.26,797,33483.67,24,0.4884,5.6,0
27,120577.81,596,10640.92,36,0.3654,5.0,0
25,18000.0,704,14555.22,12,0.6257,0.2,0
55,36604.21,690,19283.5,36,0.4013,16.1,0
62,65513.25,830,44410.33,36,0.2298,5.0,0
51,77987.54,693,18457.08,48,0.3319,1.0,0
36,60438.55,653,10472.38,36,0.2374,5.4,0
56,102388.88,562,2000.0,48,0.1218,1.1,0
44,40539.56,850,19391.4,48,0.352,9.8,0
32,75954.52,723,22675.22,48,0.05,9.6,0
42,64834.38,620,17467.96,60,0.0968,0.4,0
26,94957.56,574,16815.95,24,0.131,2.3,0
48,72200.36,682,13268.63,60,0.2013,0.0,0
23,42162.82,612,22761.97,36,0.1381,1.5,0
33,64880.77,675,30391.7,36,0.102,4.0,0
33,61745.34,535,20797.14,48,0.2934,1.6,1
30,130139.13,666,14673.65,36,0.2896,6.8,0
28,68916.68,759,29131.04,48,0.4634,1.9,0
23,72264.37,704,9730.76,36,0.4078,0.6,0
34,53492.87,584,23384.28,36,0.0858,4.1,0
31,51787.99,451,26699.89,36,0.2922,7.1,0
32,48845.11,702,22242.87,48,0.1326,1.8,0
26,71409.16,480,22435.63,36,0.1161,0.6,0
64,123454.08,758,37361.19,24,0.0601,2.7,0
36,69758.52,749,14650.86,24,0.2095,4.8,0
60,89205.76,648,13539.17,60,0.1017,11.9,0
37,58020.29,708,29197.07,36,0.2758,1.4,0
54,48219.9,664,26438.24,24,0.144,2.9,1
25,54174.46,694,21809.95,60,0.2359,5.7,0
45,54085.96,656,32181.04,48,0.235,0.7,0
26,46662.96,711,14841.67,36,0.2252,9.6,0
47,52975.32,546,30228.8,48,0.4943,16.3,0
56,61884.95,749,16461.38,12,0.1038,12.7,0
45,48504.91,693,24047.32,12,0.1875,9.1,0
23,45332.98,757,7357.05,36,0.1188,0.2,0
30,62334.73,776,6942.7,60,0.1144,0.6,0
46,69858.9,709,28616.14,36,0.3271,5.0,0
41,42526.62,676,19195.3,60,0.3734,4.1,0
28,53315.34,572,12043.77,36,0.05,5.2,0
49,41603.81,703,24225.39,24,0.0994,1.1,0
48,82999.8,672,8948.18,48,0.1923,6.7,0
49,115450.64,794,21814.33,36,0.0717,2.5,0
38,70060.06,639,31036.62,36,0.35,1.5,0
64,44876.17,715,10984.91,24,0.2418,2.4,0
48,66397.03,582,12637.34,48,0.2427,3.1,0
62,61836.95,813,24811.25,24,0.1084,2.4,0
28,23878.35,613,33816.68,36,0.1113,3.4,1
50,95234.76,564,18582.96,48,0.05,4.2,0
30,82251.66,547,19817.83,12,0.0709,3.3,0
53,50454.55,710,18977.27,36,0.2726,7.5,0
58,71390.12,679,29171.21,36,0.0885,0.9,0
59,47147.75,719,10700.95,36,0.1227,0.6,0
47,89133.53,784,16520.47,36,0.2303,0.0,0
35,67174.0,783,35046.12,24,0.1218,9.1,0
28,66927.68,661,15683.76,12,0.3148,5.6,0
38,55844.66,581,11467.2,36,0.05,2.1,1
63,85373.5,656,22238.62,36,0.3268,0.2,0
61,76631.57,592,23947.16,36,0.1749,5.9,0
49,49347.86,642,26426.95,60,0.3138,10.7,0
42,65873.08,530,19550.75,36,0.3583,12.6,0
56,67520.84,655,11951.42,36,0.2252,9.4,0
47,97262.03,530,25938.69,24,0.1525,4.9,0
53,58715.93,502,25039.07,60,0.05,3.8,0
38,87165.16,605,15902.18,36,0.0765,4.2,0
37,42160.52,658,13248.32,24,0.1055,9.3,0
62,68716.3,751,22590.48,36,0.3516,3.4,0
25,38468.19,716,13317.1,12,0.2338,1.5,0
61,76662.05,629,15337.42,24,0.05,4.6,0
30,70619.54,665,2013.31,12,0.2635,5.8,0
34,50864.97,684,2000.0,48,0.2658,2.9,0
37,60375.43,617,24667.03,12,0.117,7.5,0
41,55726.07,678,24421.34,60,0.1365,0.9,0
31,90694.5,629,21658.78,36,0.4007,4.7,1
63,59765.75,705,31227.92,24,0.2901,2.4,0
26,77194.76,607,19515.15,36,0.0847,5.4,0
63,90031.73,803,25319.52,48,0.0729,19.6,0
44,76632.78,743,9108.2,12,0.2539,0.7,0
32,73992.53,733,6834.64,60,0.4344,4.1,1
62,60725.6,655,7806.16,24,0.449,1.1,0
55,56579.92,761,28357.45,36,0.2001,0.9,0
32,55467.82,706,7173.46,48,0.1635,2.7,0
27,92829.66,603,18291.86,12,0.2795,3.9,0
50,54531.18,823,20094.33,36,0.2518,9.1,0
26,59152.93,688,13544.41,24,0.168,6.4,1
43,38459.13,655,16374.04,36,0.3018,5.7,0
21,47706.57,685,28611.26,36,0.3054,12.8,1
39,39827.27,650,25969.06,12,0.1733,9.2,0
64,63149.11,680,31194.4,60,0.2187,5.2,0
43,41607.9,668,11175.88,36,0.2141,7.4,0
33,54579.93,658,21976.27,36,0.2259,2.5,0
64,86988.07,632,27289.93,36,0.175,23.1,0
40,76362.55,637,11692.95,36,0.0849,3.1,0
36,82161.78,724,15202.72,60,0.0871,2.4,0
29,54583.83,703,25451.63,24,0.1347,4.6,0
28,66986.19,530,24348.72,36,0.1701,2.7,0
56,79770.74,595,20427.66,48,0.2334,1.3,0
44,38833.14,725,15061.79,48,0.1392,15.2,0
40,45707.53,610,18871.26,24,0.05,1.6,0
40,97856.43,574,28918.18,36,0.3388,2.0,0
30,57153.71,807,23905.65,36,0.0828,10.1,0
40,93962.53,735,17089.51,24,0.275,12.9,0
28,54347.01,630,19267.29,24,0.05,3.5,0
43,86919.72,575,12763.81,36,0.1671,1.5,1
21,84269.28,590,28123.49,24,0.1828,1.3,0
61,84233.21,535,23337.02,12,0.3875,1.3,0
52,64758.09,652,30675.92,12,0.3086,2.5,0
29,48714.95,699,13550.8,36,0.2422,2.1,0
38,71926.42,674,13888.51,48,0.05,5.6,0
34,37697.07,613,21529.23,36,0.2793,1.4,0
47,102539.27,691,8733.65,48,0.1466,2.8,0
44,100769.26,730,11869.4,36,0.355,4.5,0
49,72992.32,680,23954.34,36,0.2843,8.9,0
35,75465.31,758,22546.98,12,0.339,7.3,0
26,62672.61,610,19428.75,24,0.1232,1.5,1
42,81795.36,627,15325.7,36,0.05,7.7,0
45,122145.38,695,24166.32,24,0.1317,0.1,0
52,87253.23,685,11017.94,36,0.153,4.0,0
59,80620.07,795,17762.05,36,0.3571,6.2,0
64,74180.51,763,8286.73,36,0.1712,12.4,0
62,82461.75,701,19651.81,48,0.2684,2.6,0
45,62684.79,740,16683.81,24,0.2308,0.9,1
21,88967.28,679,20194.49,48,0.05,14.4,0
53,64148.08,540,25981.96,36,0.0781,0.4,0
36,22064.64,666,8351.47,36,0.3523,11.8,0
37,63422.58,805,5285.5,36,0.3213,19.2,0
45,35203.66,695,38567.22,60,0.2686,3.6,0
25,43159.17,680,23338.92,24,0.0754,0.8,0
27,81806.87,729,15179.5,12,0.1385,4.1,1
23,60906.0,711,22009.24,36,0.2488,1.5,1
31,42930.04,652,21126.16,36,0.1768,3.3,0
47,79032.66,646,19198.1,36,0.1102,0.8,0
53,66419.08,611,19738.39,24,0.0757,7.6,0
26,51438.05,686,18889.98,36,0.1058,10.3,0
58,54402.71,639,28802.33,36,0.1213,21.2,1
34,80065.53,783,26375.86,48,0.1243,6.5,0
50,65759.08,693,11511.62,48,0.0644,1.6,0
45,113447.75,609,3149.56,60,0.1974,5.0,0
62,70435.87,585,24894.23,36,0.05,3.7,0
49,90817.24,761,22729.24,36,0.3693,7.1,0
61,73062.97,748,20670.76,24,0.05,5.8,0
55,75103.14,556,19749.12,36,0.2189,0.2,0
35,61684.96,661,40175.84,36,0.4394,1.6,0
33,44516.45,791,33766.22,48,0.2076,0.5,0
33,47141.31,819,35957.99,36,0.1298,0.3,0
43,38945.29,718,13081.75,36,0.3516,5.8,0
39,94417.9,569,3123.48,48,0.0755,7.6,0
51,58284.15,668,22214.27,36,0.2812,3.9,0
32,97074.26,749,17400.54,36,0.4456,8.1,1
42,67113.29,716,11100.67,12,0.3544,0.4,0
47,70152.84,640,28150.13,24,0.2456,6.4,0
45,24007.08,626,30323.63,36,0.1833,2.1,0
56,49772.68,850,14373.37,48,0.2987,3.0,0
37,79103.33,722,17014.6,12,0.5428,1.0,0
49,51793.7,591,16251.54,60,0.1497,2.8,1
38,107484.44,632,27103.16,36,0.0973,2.9,0
46,60984.58,735,12402.9,60,0.1215,10.1,0
46,101585.98,741,26131.08,36,0.3874,5.1,0
50,78055.54,570,12084.56,48,0.2024,6.2,0
60,49626.67,747,14131.48,36,0.1367,1.1,0
40,84881.08,544,16948.31,36,0.2593,3.1,0
21,33659.16,669,13452.82,36,0.1501,2.5,1
51,19697.61,700,11743.51,24,0.3558,0.1,0
29,82603.48,664,30872.17,36,0.061,1.9,0
51,65338.03,732,14631.53,12,0.2247,0.3,0
42,44363.5,768,30784.83,24,0.2988,4.4,1
37,34066.27,684,20849.98,24,0.1549,0.3,1
29,34621.65,660,21739.3,36,0.1109,2.4,0
26,48691.33,790,14673.27,12,0.2827,4.9,0
35,47648.68,606,29542.4,36,0.4287,16.2,0
43,31193.94,749,20498.97,12,0.1296,2.0,0
36,72886.94,585,20057.53,60,0.3046,11.0,0
33,71920.71,773,16149.51,60,0.2021,7.4,0
39,64485.34,679,29316.42,24,0.1983,4.8,0
37,71871.25,686,25471.16,48,0.0909,7.8,0
62,85928.43,730,27200.29,36,0.0791,4.0,0
33,64359.12,507,7779.03,48,0.1059,8.1,0
27,94841.54,659,11267.2,48,0.05,0.7,0
24,70645.23,759,30242.59,36,0.5267,4.1,0
23,76821.93,524,19358.56,36,0.2068,5.3,1
62,67020.39,734,24573.61,36,0.3257,0.1,0
25,54419.6,552,13655.82,48,0.1254,4.5,0
21,43467.08,696,22210.42,36,0.1466,1.9,0
58,49340.59,700,21114.44,60,0.4391,1.4,0
55,44703.41,784,19454.98,24,0.2688,1.1,0
64,86173.16,764,19829.01,60,0.2114,4.3,1
62,31966.33,656,20126.55,12,0.3615,1.4,0
53,55359.23,623,20767.32,36,0.2566,3.8,0
56,75975.36,729,17551.21,12,0.1346,2.1,0
32,70787.78,789,25791.3,36,0.35,5.0,0
45,73479.52,850,20245.63,48,0.0887,3.9,0
43,80664.7,602,25477.24,36,0.0545,2.3,0
52,114130.26,709,12443.6,12,0.3531,4.6,0
62,18000.0,607,29386.83,48,0.2509,0.5,0
27,65728.52,660,28960.0,36,0.2463,3.0,0
52,79035.97,706,24382.86,48,0.1168,1.1,0
42,67162.77,783,25897.89,36,0.0747,6.0,0
34,47458.42,678,13452.03,48,0.4621,21.5,0
33,41923.02,677,25252.11,36,0.2852,6.2,1
21,54929.2,698,20167.13,24,0.2478,0.4,0
60,31229.59,664,24805.84,36,0.5415,1.9,0
62,100202.72,578,30039.98,36,0.234,2.6,0
35,85201.48,697,25159.09,36,0.1408,2.3,0
45,89831.55,582,31734.36,36,0.3124,7.3,0
29,96834.78,675,13595.0,60,0.1064,1.0,0
62,61350.57,787,5584.01,24,0.1674,10.8,0
59,18000.0,673,10246.46,12,0.1859,4.0,0
22,66590.65,721,15681.57,12,0.1805,1.5,0
46,41769.63,730,18004.14,24,0.1755,2.0,0
51,103142.78,829,32094.32,24,0.05,4.0,0
36,45614.59,724,20580.63,48,0.4254,8.3,0
29,100904.93,631,25590.55,12,0.05,3.2,0
50,40474.75,598,7751.41,12,0.2222,2.4,0
49,77404.99,728,13193.42,36,0.0675,3.0,0
37,45287.36,675,31317.7,36,0.2886,14.1,0
25,64838.2,687,9261.1,48,0.0788,1.2,1
48,70252.96,589,18264.83,48,0.1317,1.2,0
38,83121.43,779,7420.08,24,0.3723,2.0,0
43,95734.78,704,22231.99,36,0.05,8.8,0
23,61255.01,703,28902.18,12,0.1862,0.7,0
47,68526.96,740,14633.04,36,0.1584,1.6,1
27,104081.92,793,14228.17,36,0.1983,0.3,1
35,80230.92,731,23937.1,36,0.1875,1.0,0
24,51671.86,729,25919.67,36,0.0767,0.9,1
34,85335.35,631,21626.18,12,0.2897,4.0,0
44,47466.23,739,24183.88,48,0.0736,1.9,0
36,91392.12,679,4533.68,36,0.4106,2.1,1
53,40887.0,765,16922.78,12,0.1048,4.6,0
57,52965.47,772,27795.08,36,0.05,0.4,0
48,53590.76,567,4653.83,48,0.1479,7.1,0
50,49842.91,713,8387.61,48,0.3241,3.3,0
63,68234.05,657,22627.87,24,0.3753,7.4,0
30,106478.41,767,21912.03,36,0.1781,0.7,0
23,44830.01,612,21159.28,36,0.065,1.0,0
49,67771.92,750,30192.11,36,0.2245,0.9,0
24,77762.17,634,17243.57,60,0.0879,1.3,0
63,77644.2,756,28807.88,48,0.266,2.8,0
31,62257.75,759,19392.22,24,0.1064,12.5,0
31,87525.24,816,19418.52,36,0.2559,1.9,0
38,67642.65,697,11560.31,36,0.05,9.6,0
41,119929.99,702,8920.9,12,0.1638,10.8,0
30,28444.75,706,18020.68,24,0.1629,4.2,1
54,56483.35,762,9140.37,36,0.1331,3.0,0
22,20925.78,711,30466.67,48,0.1508,3.4,1
25,87235.45,650,31194.83,24,0.05,5.4,1
56,53007.58,612,2000.0,48,0.1557,2.1,0
47,38956.93,850,15850.5,36,0.4983,8.3,0
34,55045.43,587,10674.41,12,0.1991,3.1,0
57,55221.02,735,15229.93,12,0.1779,0.6,1
44,91246.85,595,3710.34,48,0.0954,13.3,0
25,58200.72,727,11192.67,36,0.094,5.9,0
32,77738.17,637,18163.52,36,0.2297,6.9,0
41,50191.97,688,21911.43,36,0.3863,5.1,0
36,49539.55,609,26697.67,48,0.2323,2.1,0
50,55074.41,626,38404.23,36,0.3815,3.1,0
28,68895.65,651,18668.57,36,0.2812,5.1,0
58,96647.57,625,16223.5,36,0.1159,2.0,0
36,53690.17,672,17503.53,36,0.3656,6.2,0
35,40567.76,621,18231.92,36,0.1505,8.2,0
36,82200.07,745,14290.02,60,0.1961,3.1,0
44,79669.28,603,11766.3,36,0.29,0.4,0
64,67319.27,673,14845.02,36,0.3981,5.0,0
56,37938.83,753,20971.56,12,0.3746,0.4,0
32,52896.97,594,22916.93,48,0.1116,17.3,0
27,74042.59,714,20570.07,36,0.2025,3.8,0
61,71846.02,760,23901.22,36,0.1461,8.2,0
40,49255.26,770,13153.78,36,0.2054,5.4,0
48,62806.05,672,17246.28,36,0.2856,7.2,0
35,51232.6,693,12158.77,24,0.2771,6.5,0
33,97270.14,822,20560.14,36,0.05,2.1,0
63,54638.18,622,9972.89,36,0.3755,6.0,0
59,28183.33,713,20960.83,36,0.1383,8.2,0
